q,p1,r1,p2,r2
"cims:stereotype","rdf:Statement.object","""rdf""","rdf:Statements.object","uml:attribute"
"cims:stereotype","rdf:Statement.predicate","""rdf""","rdf:Statements.predicate","uml:attribute"
"cims:stereotype","rdf:Statement.subject","""rdf""","rdf:Statements.subject","uml:attribute"
"rdfs:comment","md:Model.description","""A description of the model, e.g. the name of person that created the model and for what purpose. The number of UTF 8 characters is limited to 2000.""","cim:IdentifiedObject.description","""The description is a free human readable text describing or naming the object. It may be non unique and may not correlate to a naming hierarchy."""
"rdfs:comment","md:Model.description","""A description of the model, e.g. the name of person that created the model and for what purpose. The number of UTF- 8 characters is limited to 2000.""","cim:IdentifiedObject.description","""The description is a free human readable text describing or naming the object. It may be non unique and may not correlate to a naming hierarchy."""
"rdfs:comment","dct:PowerSystemProjectGroup.description","""A free- text account of the resource. Description may include but is not limited to:an abstract, a table of contents, a graphical representation, or a free- text account of the resource.""","cim:IdentifiedObject.description","""The description is a free human readable text describing or naming the object. It may be non unique and may not correlate to a naming hierarchy."""
"rdfs:comment","dct:Resource.description","""A free- text account of the resource. Description may include but is not limited to:an abstract, a table of contents, a graphical representation, or a free- text account of the resource.""","cim:IdentifiedObject.description","""The description is a free human readable text describing or naming the object. It may be non unique and may not correlate to a naming hierarchy."""
"cims:stereotype","md:Model.description","""md""","cim:IdentifiedObject.description","uml:attribute"
"cims:stereotype","dct:PowerSystemProjectGroup.description","""dcterms""","cim:IdentifiedObject.description","uml:attribute"
"cims:stereotype","dct:Resource.description","""dcterms""","cim:IdentifiedObject.description","uml:attribute"
"cims:multiplicity","md:Model.description","cims:M:1..1","cim:IdentifiedObject.description","cims:M:0..1"
"rdfs:comment","nc:AreaDispatchableUnit.normalEnabled","""Identifies if the unit is normally enabled to accept a dispatch instruction. If true, the unit is enabled to accept a dispatch instruction. If false, the unit has the capability, but it is not enabled to receive a dispatch instruction.""","nc:AssessedElement.normalEnabled","""If true, the assessed element shall be considered under normal operating conditions."""
"cims:stereotype","nc:AreaDispatchableUnit.normalEnabled","""NC""","nc:AssessedElement.normalEnabled","uml:attribute"
"cims:stereotype","nc:AreaDispatchableUnit.normalEnabled","uml:attribute","nc:AssessedElement.normalEnabled","""NC"""
"cims:stereotype","cim:IdentifiedObject.mRID","uml:attribute","nc:AssessedElementWithContingency.mRID","""NC"""
"cims:stereotype","nc:AreaBorderTerminal.mRID","uml:attribute","nc:AssessedElementWithContingency.mRID","""NC"""
"rdfs:comment","nc:AssessedElement.normalEnabled","""If true, the assessed element shall be considered under normal operating conditions.""","nc:AssessedElementWithContingency.normalEnabled","""If true, the assessed element with contingency is enabled, otherwise it is disabled under normal operating conditions."""
"rdfs:comment","nc:AreaDispatchableUnit.normalEnabled","""Identifies if the unit is normally enabled to accept a dispatch instruction. If true, the unit is enabled to accept a dispatch instruction. If false, the unit has the capability, but it is not enabled to receive a dispatch instruction.""","nc:AssessedElementWithContingency.normalEnabled","""If true, the assessed element with contingency is enabled, otherwise it is disabled under normal operating conditions."""
"cims:stereotype","nc:AssessedElement.normalEnabled","""NC""","nc:AssessedElementWithContingency.normalEnabled","uml:attribute"
"cims:stereotype","nc:AreaDispatchableUnit.normalEnabled","""NC""","nc:AssessedElementWithContingency.normalEnabled","uml:attribute"
"cims:stereotype","nc:AssessedElement.normalEnabled","uml:attribute","nc:AssessedElementWithContingency.normalEnabled","""NC"""
"cims:stereotype","nc:AreaDispatchableUnit.normalEnabled","uml:attribute","nc:AssessedElementWithContingency.normalEnabled","""NC"""
"cims:stereotype","nc:AssessedElementWithContingency.mRID","""NC""","nc:AssessedElementWithRemedialAction.mRID","uml:attribute"
"cims:stereotype","cim:IdentifiedObject.mRID","uml:attribute","nc:AssessedElementWithRemedialAction.mRID","""NC"""
"cims:stereotype","nc:AssessedElementWithContingency.mRID","uml:attribute","nc:AssessedElementWithRemedialAction.mRID","""NC"""
"cims:stereotype","nc:AreaBorderTerminal.mRID","uml:attribute","nc:AssessedElementWithRemedialAction.mRID","""NC"""
"rdfs:comment","nc:AssessedElement.normalEnabled","""If true, the assessed element shall be considered under normal operating conditions.""","nc:AssessedElementWithRemedialAction.normalEnabled","""If true, the assessed element with remedial action is enabled, otherwise it is disabled under normal operating conditions."""
"rdfs:comment","nc:AssessedElementWithContingency.normalEnabled","""If true, the assessed element with contingency is enabled, otherwise it is disabled under normal operating conditions.""","nc:AssessedElementWithRemedialAction.normalEnabled","""If true, the assessed element with remedial action is enabled, otherwise it is disabled under normal operating conditions."""
"rdfs:comment","nc:AreaDispatchableUnit.normalEnabled","""Identifies if the unit is normally enabled to accept a dispatch instruction. If true, the unit is enabled to accept a dispatch instruction. If false, the unit has the capability, but it is not enabled to receive a dispatch instruction.""","nc:AssessedElementWithRemedialAction.normalEnabled","""If true, the assessed element with remedial action is enabled, otherwise it is disabled under normal operating conditions."""
"cims:stereotype","nc:AssessedElement.normalEnabled","""NC""","nc:AssessedElementWithRemedialAction.normalEnabled","uml:attribute"
"cims:stereotype","nc:AssessedElementWithContingency.normalEnabled","""NC""","nc:AssessedElementWithRemedialAction.normalEnabled","uml:attribute"
"cims:stereotype","nc:AreaDispatchableUnit.normalEnabled","""NC""","nc:AssessedElementWithRemedialAction.normalEnabled","uml:attribute"
"cims:stereotype","nc:AssessedElement.normalEnabled","uml:attribute","nc:AssessedElementWithRemedialAction.normalEnabled","""NC"""
"cims:stereotype","nc:AssessedElementWithContingency.normalEnabled","uml:attribute","nc:AssessedElementWithRemedialAction.normalEnabled","""NC"""
"cims:stereotype","nc:AreaDispatchableUnit.normalEnabled","uml:attribute","nc:AssessedElementWithRemedialAction.normalEnabled","""NC"""
"cims:stereotype","nc:AssessedElementWithContingency.mRID","""NC""","nc:CrossBorderRelevance.mRID","uml:attribute"
"cims:stereotype","nc:AssessedElementWithRemedialAction.mRID","""NC""","nc:CrossBorderRelevance.mRID","uml:attribute"
"cims:stereotype","nc:ContingencyWithRemedialAction.mRID","""NC""","nc:CrossBorderRelevance.mRID","uml:attribute"
"cims:stereotype","cim:IdentifiedObject.mRID","uml:attribute","nc:CrossBorderRelevance.mRID","""NC"""
"cims:stereotype","nc:AssessedElementWithContingency.mRID","uml:attribute","nc:CrossBorderRelevance.mRID","""NC"""
"cims:stereotype","nc:AssessedElementWithRemedialAction.mRID","uml:attribute","nc:CrossBorderRelevance.mRID","""NC"""
"cims:stereotype","nc:AreaBorderTerminal.mRID","uml:attribute","nc:CrossBorderRelevance.mRID","""NC"""
"cims:stereotype","nc:ContingencyWithRemedialAction.mRID","uml:attribute","nc:CrossBorderRelevance.mRID","""NC"""
"rdfs:comment","nc:AssessedElement.normalEnabled","""If true, the assessed element shall be considered under normal operating conditions.""","nc:CrossBorderRelevance.normalEnabled","""If true, the cross border relevance shall be considered under normal operating conditions."""
"rdfs:comment","nc:AssessedElementWithContingency.normalEnabled","""If true, the assessed element with contingency is enabled, otherwise it is disabled under normal operating conditions.""","nc:CrossBorderRelevance.normalEnabled","""If true, the cross border relevance shall be considered under normal operating conditions."""
"rdfs:comment","nc:AssessedElementWithRemedialAction.normalEnabled","""If true, the assessed element with remedial action is enabled, otherwise it is disabled under normal operating conditions.""","nc:CrossBorderRelevance.normalEnabled","""If true, the cross border relevance shall be considered under normal operating conditions."""
"rdfs:comment","nc:AreaDispatchableUnit.normalEnabled","""Identifies if the unit is normally enabled to accept a dispatch instruction. If true, the unit is enabled to accept a dispatch instruction. If false, the unit has the capability, but it is not enabled to receive a dispatch instruction.""","nc:CrossBorderRelevance.normalEnabled","""If true, the cross border relevance shall be considered under normal operating conditions."""
"rdfs:comment","nc:AutomationFunction.normalEnabled","""True, if the automation function is enabled (active). Otherwise false.""","nc:CrossBorderRelevance.normalEnabled","""If true, the cross border relevance shall be considered under normal operating conditions."""
"rdfs:comment","nc:ContingencyWithRemedialAction.normalEnabled","""If true, the contingency with remedial action is enabled, otherwise it is disabled under normal operating conditions.""","nc:CrossBorderRelevance.normalEnabled","""If true, the cross border relevance shall be considered under normal operating conditions."""
"cims:stereotype","nc:AssessedElement.normalEnabled","""NC""","nc:CrossBorderRelevance.normalEnabled","uml:attribute"
"cims:stereotype","nc:AssessedElementWithContingency.normalEnabled","""NC""","nc:CrossBorderRelevance.normalEnabled","uml:attribute"
"cims:stereotype","nc:AssessedElementWithRemedialAction.normalEnabled","""NC""","nc:CrossBorderRelevance.normalEnabled","uml:attribute"
"cims:stereotype","nc:AreaDispatchableUnit.normalEnabled","""NC""","nc:CrossBorderRelevance.normalEnabled","uml:attribute"
"cims:stereotype","nc:AutomationFunction.normalEnabled","""NC""","nc:CrossBorderRelevance.normalEnabled","uml:attribute"
"cims:stereotype","nc:ContingencyWithRemedialAction.normalEnabled","""NC""","nc:CrossBorderRelevance.normalEnabled","uml:attribute"
"cims:stereotype","nc:AssessedElement.normalEnabled","uml:attribute","nc:CrossBorderRelevance.normalEnabled","""NC"""
"cims:stereotype","nc:AssessedElementWithContingency.normalEnabled","uml:attribute","nc:CrossBorderRelevance.normalEnabled","""NC"""
"cims:stereotype","nc:AssessedElementWithRemedialAction.normalEnabled","uml:attribute","nc:CrossBorderRelevance.normalEnabled","""NC"""
"cims:stereotype","nc:AreaDispatchableUnit.normalEnabled","uml:attribute","nc:CrossBorderRelevance.normalEnabled","""NC"""
"cims:stereotype","nc:AutomationFunction.normalEnabled","uml:attribute","nc:CrossBorderRelevance.normalEnabled","""NC"""
"cims:stereotype","nc:ContingencyWithRemedialAction.normalEnabled","uml:attribute","nc:CrossBorderRelevance.normalEnabled","""NC"""
"rdfs:comment","nc:AssessedElementRegularTimePoint.enabled","""It identifies if the assessed element is enabled. True means enabled, False means disabled.""","nc:AvailabilityEnabled.enabled","""Instruction to enable or disable alteration and assessment."""
"rdfs:comment","nc:AssessedElementTimePoint.enabled","""It identifies if the assessed element is enabled. True means enabled, False means disabled.""","nc:AvailabilityEnabled.enabled","""Instruction to enable or disable alteration and assessment."""
"rdfs:comment","nc:AreaDispatchableUnit.enabled","""Identifies if the unit is enabled to accept a dispatch instruction. If true, the unit is enabled to accept a dispatch instruction. If false, the unit has the capability, but it is not enabled to receive a dispatch instruction.""","nc:AvailabilityEnabled.enabled","""Instruction to enable or disable alteration and assessment."""
"rdfs:comment","nc:AssessedElement.enabled","""If true, the assessed element is enabled, otherwise it is disabled.""","nc:AvailabilityEnabled.enabled","""Instruction to enable or disable alteration and assessment."""
"rdfs:comment","nc:AssessedElementWithContingency.enabled","""If true, the assessed element with contingency is enabled, otherwise it is disabled.""","nc:AvailabilityEnabled.enabled","""Instruction to enable or disable alteration and assessment."""
"rdfs:comment","nc:AssessedElementWithRemedialAction.enabled","""If true, the assessed element with remedial action is enabled, otherwise it is disabled.""","nc:AvailabilityEnabled.enabled","""Instruction to enable or disable alteration and assessment."""
"rdfs:comment","nc:AutomationFunction.enabled","""True, if the automation function is enabled (active). Otherwise false.""","nc:AvailabilityEnabled.enabled","""Instruction to enable or disable alteration and assessment."""
"rdfs:comment","cim:DynamicsFunctionBlock.enabled","""Function block used indicator. true = use of function block is enabled false = use of function block is disabled.""","nc:AvailabilityEnabled.enabled","""Instruction to enable or disable alteration and assessment."""
"rdfs:comment","cim:RegulatingControl.enabled","""The flag tells if regulation is enabled.""","nc:AvailabilityEnabled.enabled","""Instruction to enable or disable alteration and assessment."""
"cims:stereotype","nc:AssessedElementRegularTimePoint.enabled","""NC""","nc:AvailabilityEnabled.enabled","uml:attribute"
"cims:stereotype","nc:AssessedElementTimePoint.enabled","""NC""","nc:AvailabilityEnabled.enabled","uml:attribute"
"cims:stereotype","nc:AreaDispatchableUnit.enabled","""NC""","nc:AvailabilityEnabled.enabled","uml:attribute"
"cims:stereotype","nc:AssessedElement.enabled","""NC""","nc:AvailabilityEnabled.enabled","uml:attribute"
"cims:stereotype","nc:AssessedElementWithContingency.enabled","""NC""","nc:AvailabilityEnabled.enabled","uml:attribute"
"cims:stereotype","nc:AssessedElementWithRemedialAction.enabled","""NC""","nc:AvailabilityEnabled.enabled","uml:attribute"
"cims:stereotype","nc:AutomationFunction.enabled","""NC""","nc:AvailabilityEnabled.enabled","uml:attribute"
"cims:stereotype","nc:AssessedElementRegularTimePoint.enabled","uml:attribute","nc:AvailabilityEnabled.enabled","""NC"""
"cims:stereotype","nc:AssessedElementTimePoint.enabled","uml:attribute","nc:AvailabilityEnabled.enabled","""NC"""
"cims:stereotype","nc:AreaDispatchableUnit.enabled","uml:attribute","nc:AvailabilityEnabled.enabled","""NC"""
"cims:stereotype","nc:AssessedElement.enabled","uml:attribute","nc:AvailabilityEnabled.enabled","""NC"""
"cims:stereotype","nc:AssessedElementWithContingency.enabled","uml:attribute","nc:AvailabilityEnabled.enabled","""NC"""
"cims:stereotype","nc:AssessedElementWithRemedialAction.enabled","uml:attribute","nc:AvailabilityEnabled.enabled","""NC"""
"cims:stereotype","nc:AutomationFunction.enabled","uml:attribute","nc:AvailabilityEnabled.enabled","""NC"""
"cims:stereotype","cim:DynamicsFunctionBlock.enabled","uml:attribute","nc:AvailabilityEnabled.enabled","""NC"""
"cims:stereotype","cim:RegulatingControl.enabled","uml:attribute","nc:AvailabilityEnabled.enabled","""NC"""
"cims:multiplicity","nc:AssessedElementRegularTimePoint.enabled","cims:M:0..1","nc:AvailabilityEnabled.enabled","cims:M:1..1"
"cims:multiplicity","nc:AssessedElementTimePoint.enabled","cims:M:0..1","nc:AvailabilityEnabled.enabled","cims:M:1..1"
"rdfs:range","cim:Status.value","xsd:string","nc:AvailabilityExceptionalLimit.value","xsd:float"
"rdfs:range","cim:AccumulatorLimit.value","xsd:integer","nc:AvailabilityExceptionalLimit.value","xsd:float"
"rdfs:range","cim:Command.value","xsd:integer","nc:AvailabilityExceptionalLimit.value","xsd:float"
"rdfs:range","cim:ValueToAlias.value","xsd:integer","nc:AvailabilityExceptionalLimit.value","xsd:float"
"rdfs:comment","nc:ActivePowerLimitTimePoint.value","""Value of active power limit. The attribute shall be a positive value or zero.""","nc:AvailabilityExceptionalLimit.value","""Value for the referred operational limit."""
"rdfs:comment","nc:ApparentPowerLimitTimePoint.value","""The apparent power limit. The attribute shall be a positive value or zero.""","nc:AvailabilityExceptionalLimit.value","""Value for the referred operational limit."""
"rdfs:comment","cim:Status.value","""Status value at 'dateTime'; prior status changes may have been kept in instances of activity records associated with the object to which this status applies.""","nc:AvailabilityExceptionalLimit.value","""Value for the referred operational limit."""
"rdfs:comment","cim:AccumulatorLimit.value","""The value to supervise against. The value is positive.""","nc:AvailabilityExceptionalLimit.value","""Value for the referred operational limit."""
"rdfs:comment","cim:AnalogLimit.value","""The value to supervise against.""","nc:AvailabilityExceptionalLimit.value","""Value for the referred operational limit."""
"rdfs:comment","cim:Command.value","""The value representing the actuator output.""","nc:AvailabilityExceptionalLimit.value","""Value for the referred operational limit."""
"rdfs:comment","cim:SetPoint.value","""The value representing the actuator output.""","nc:AvailabilityExceptionalLimit.value","""Value for the referred operational limit."""
"rdfs:comment","cim:ValueToAlias.value","""The value that is mapped.""","nc:AvailabilityExceptionalLimit.value","""Value for the referred operational limit."""
"rdfs:comment","cim:ActivePowerLimit.value","""Value of active power limit. The attribute shall be a positive value or zero.""","nc:AvailabilityExceptionalLimit.value","""Value for the referred operational limit."""
"rdfs:comment","cim:ApparentPowerLimit.value","""The apparent power limit. The attribute shall be a positive value or zero.""","nc:AvailabilityExceptionalLimit.value","""Value for the referred operational limit."""
"rdfs:comment","cim:CurrentLimit.value","""Limit on current flow. The attribute shall be a positive value or zero.""","nc:AvailabilityExceptionalLimit.value","""Value for the referred operational limit."""
"rdfs:comment","cim:VoltageLimit.value","""Limit on voltage. High or low limit nature of the limit depends upon the properties of the operational limit type. The attribute shall be a positive value or zero.""","nc:AvailabilityExceptionalLimit.value","""Value for the referred operational limit."""
"cims:stereotype","nc:ActivePowerLimitTimePoint.value","""NC""","nc:AvailabilityExceptionalLimit.value","uml:attribute"
"cims:stereotype","nc:ApparentPowerLimitTimePoint.value","""NC""","nc:AvailabilityExceptionalLimit.value","uml:attribute"
"cims:stereotype","nc:ActivePowerLimitTimePoint.value","uml:attribute","nc:AvailabilityExceptionalLimit.value","""NC"""
"cims:stereotype","nc:ApparentPowerLimitTimePoint.value","uml:attribute","nc:AvailabilityExceptionalLimit.value","""NC"""
"cims:stereotype","cim:Status.value","uml:attribute","nc:AvailabilityExceptionalLimit.value","""NC"""
"cims:stereotype","cim:AccumulatorLimit.value","uml:attribute","nc:AvailabilityExceptionalLimit.value","""NC"""
"cims:stereotype","cim:AnalogLimit.value","uml:attribute","nc:AvailabilityExceptionalLimit.value","""NC"""
"cims:stereotype","cim:Command.value","uml:attribute","nc:AvailabilityExceptionalLimit.value","""NC"""
"cims:stereotype","cim:SetPoint.value","uml:attribute","nc:AvailabilityExceptionalLimit.value","""NC"""
"cims:stereotype","cim:ValueToAlias.value","uml:attribute","nc:AvailabilityExceptionalLimit.value","""NC"""
"cims:stereotype","cim:ActivePowerLimit.value","uml:attribute","nc:AvailabilityExceptionalLimit.value","""NC"""
"cims:stereotype","cim:ApparentPowerLimit.value","uml:attribute","nc:AvailabilityExceptionalLimit.value","""NC"""
"cims:stereotype","cim:CurrentLimit.value","uml:attribute","nc:AvailabilityExceptionalLimit.value","""NC"""
"cims:stereotype","cim:VoltageLimit.value","uml:attribute","nc:AvailabilityExceptionalLimit.value","""NC"""
"cims:multiplicity","cim:Status.value","cims:M:0..1","nc:AvailabilityExceptionalLimit.value","cims:M:1..1"
"rdfs:comment","cim:BusNameMarker.priority","""Priority of bus name marker for use as topology bus name. Use 0 for do not care. Use 1 for highest priority. Use 2 as priority is less than 1 and so on.""","nc:AvailabilitySchedule.priority","""Value 0 means ignore priority. 1 means the highest priority, 2 is the second highest priority."""
"cims:stereotype","nc:AutomationBlockGroup.priority","""NC""","nc:AvailabilitySchedule.priority","uml:attribute"
"cims:stereotype","nc:AutomationBlockGroup.priority","uml:attribute","nc:AvailabilitySchedule.priority","""NC"""
"cims:stereotype","cim:BusNameMarker.priority","uml:attribute","nc:AvailabilitySchedule.priority","""NC"""
"cims:multiplicity","nc:AutomationBlockGroup.priority","cims:M:0..1","nc:AvailabilitySchedule.priority","cims:M:1..1"
"cims:multiplicity","cim:BusNameMarker.priority","cims:M:0..1","nc:AvailabilitySchedule.priority","cims:M:1..1"
"cims:stereotype","nc:AssessedElementTimePoint.atTime","""NC""","nc:EventTimePoint.atTime","uml:attribute"
"cims:stereotype","nc:AvailabilityTimePoint.atTime","""NC""","nc:EventTimePoint.atTime","uml:attribute"
"cims:stereotype","nc:ContingencyTimePoint.atTime","""NC""","nc:EventTimePoint.atTime","uml:attribute"
"cims:stereotype","nc:EnablingTimePoint.atTime","""NC""","nc:EventTimePoint.atTime","uml:attribute"
"cims:stereotype","nc:ACDCTimePoint.atTime","""NC""","nc:EventTimePoint.atTime","uml:attribute"
"cims:stereotype","nc:ActivePowerLimitTimePoint.atTime","""NC""","nc:EventTimePoint.atTime","uml:attribute"
"cims:stereotype","nc:ApparentPowerLimitTimePoint.atTime","""NC""","nc:EventTimePoint.atTime","uml:attribute"
"cims:stereotype","nc:AsynchronousMachineTimePoint.atTime","""NC""","nc:EventTimePoint.atTime","uml:attribute"
"cims:stereotype","nc:BatteryUnitTimePoint.atTime","""NC""","nc:EventTimePoint.atTime","uml:attribute"
"cims:stereotype","nc:ControlAreaTimePoint.atTime","""NC""","nc:EventTimePoint.atTime","uml:attribute"
"cims:stereotype","nc:CurrentLimitTimePoint.atTime","""NC""","nc:EventTimePoint.atTime","uml:attribute"
"cims:stereotype","nc:EnergyConnectionTimePoint.atTime","""NC""","nc:EventTimePoint.atTime","uml:attribute"
"cims:stereotype","nc:EquivalentInjectionTimePoint.atTime","""NC""","nc:EventTimePoint.atTime","uml:attribute"
"cims:stereotype","nc:AssessedElementTimePoint.atTime","uml:attribute","nc:EventTimePoint.atTime","""NC"""
"cims:stereotype","nc:AvailabilityTimePoint.atTime","uml:attribute","nc:EventTimePoint.atTime","""NC"""
"cims:stereotype","nc:ContingencyTimePoint.atTime","uml:attribute","nc:EventTimePoint.atTime","""NC"""
"cims:stereotype","nc:EnablingTimePoint.atTime","uml:attribute","nc:EventTimePoint.atTime","""NC"""
"cims:stereotype","nc:ACDCTimePoint.atTime","uml:attribute","nc:EventTimePoint.atTime","""NC"""
"cims:stereotype","nc:ActivePowerLimitTimePoint.atTime","uml:attribute","nc:EventTimePoint.atTime","""NC"""
"cims:stereotype","nc:ApparentPowerLimitTimePoint.atTime","uml:attribute","nc:EventTimePoint.atTime","""NC"""
"cims:stereotype","nc:AsynchronousMachineTimePoint.atTime","uml:attribute","nc:EventTimePoint.atTime","""NC"""
"cims:stereotype","nc:BatteryUnitTimePoint.atTime","uml:attribute","nc:EventTimePoint.atTime","""NC"""
"cims:stereotype","nc:ControlAreaTimePoint.atTime","uml:attribute","nc:EventTimePoint.atTime","""NC"""
"cims:stereotype","nc:CurrentLimitTimePoint.atTime","uml:attribute","nc:EventTimePoint.atTime","""NC"""
"cims:stereotype","nc:EnergyConnectionTimePoint.atTime","uml:attribute","nc:EventTimePoint.atTime","""NC"""
"cims:stereotype","nc:EquivalentInjectionTimePoint.atTime","uml:attribute","nc:EventTimePoint.atTime","""NC"""
"cims:multiplicity","nc:AssessedElementTimePoint.atTime","cims:M:1..1","nc:EventTimePoint.atTime","cims:M:0..1"
"cims:multiplicity","nc:AvailabilityTimePoint.atTime","cims:M:1..1","nc:EventTimePoint.atTime","cims:M:0..1"
"cims:multiplicity","nc:ContingencyTimePoint.atTime","cims:M:1..1","nc:EventTimePoint.atTime","cims:M:0..1"
"cims:multiplicity","nc:EnablingTimePoint.atTime","cims:M:1..1","nc:EventTimePoint.atTime","cims:M:0..1"
"cims:multiplicity","nc:ACDCTimePoint.atTime","cims:M:1..1","nc:EventTimePoint.atTime","cims:M:0..1"
"cims:multiplicity","nc:ActivePowerLimitTimePoint.atTime","cims:M:1..1","nc:EventTimePoint.atTime","cims:M:0..1"
"cims:multiplicity","nc:ApparentPowerLimitTimePoint.atTime","cims:M:1..1","nc:EventTimePoint.atTime","cims:M:0..1"
"cims:multiplicity","nc:AsynchronousMachineTimePoint.atTime","cims:M:1..1","nc:EventTimePoint.atTime","cims:M:0..1"
"cims:multiplicity","nc:BatteryUnitTimePoint.atTime","cims:M:1..1","nc:EventTimePoint.atTime","cims:M:0..1"
"cims:multiplicity","nc:ControlAreaTimePoint.atTime","cims:M:1..1","nc:EventTimePoint.atTime","cims:M:0..1"
"cims:multiplicity","nc:CurrentLimitTimePoint.atTime","cims:M:1..1","nc:EventTimePoint.atTime","cims:M:0..1"
"cims:multiplicity","nc:EnergyConnectionTimePoint.atTime","cims:M:1..1","nc:EventTimePoint.atTime","cims:M:0..1"
"cims:multiplicity","nc:EquivalentInjectionTimePoint.atTime","cims:M:1..1","nc:EventTimePoint.atTime","cims:M:0..1"
"cims:stereotype","cim:ControlArea.pTolerance","uml:attribute","nc:AreaInterchangeController.pTolerance","""NC"""
"cims:multiplicity","cim:ControlArea.pTolerance","cims:M:0..1","nc:AreaInterchangeController.pTolerance","cims:M:1..1"
"rdfs:comment","cim:BusNameMarker.priority","""Priority of bus name marker for use as topology bus name. Use 0 for do not care. Use 1 for highest priority. Use 2 as priority is less than 1 and so on.""","nc:AutomationBlockGroup.priority","""Value 0 means ignore priority. 1 means the highest priority, 2 is the second highest priority."""
"cims:stereotype","cim:BusNameMarker.priority","uml:attribute","nc:AutomationBlockGroup.priority","""NC"""
"rdfs:comment","nc:AssessedElement.normalEnabled","""If true, the assessed element shall be considered under normal operating conditions.""","nc:AutomationFunction.normalEnabled","""True, if the automation function is enabled (active). Otherwise false."""
"rdfs:comment","nc:AssessedElementWithContingency.normalEnabled","""If true, the assessed element with contingency is enabled, otherwise it is disabled under normal operating conditions.""","nc:AutomationFunction.normalEnabled","""True, if the automation function is enabled (active). Otherwise false."""
"rdfs:comment","nc:AssessedElementWithRemedialAction.normalEnabled","""If true, the assessed element with remedial action is enabled, otherwise it is disabled under normal operating conditions.""","nc:AutomationFunction.normalEnabled","""True, if the automation function is enabled (active). Otherwise false."""
"rdfs:comment","nc:AreaDispatchableUnit.normalEnabled","""Identifies if the unit is normally enabled to accept a dispatch instruction. If true, the unit is enabled to accept a dispatch instruction. If false, the unit has the capability, but it is not enabled to receive a dispatch instruction.""","nc:AutomationFunction.normalEnabled","""True, if the automation function is enabled (active). Otherwise false."""
"cims:stereotype","nc:AssessedElement.normalEnabled","""NC""","nc:AutomationFunction.normalEnabled","uml:attribute"
"cims:stereotype","nc:AssessedElementWithContingency.normalEnabled","""NC""","nc:AutomationFunction.normalEnabled","uml:attribute"
"cims:stereotype","nc:AssessedElementWithRemedialAction.normalEnabled","""NC""","nc:AutomationFunction.normalEnabled","uml:attribute"
"cims:stereotype","nc:AreaDispatchableUnit.normalEnabled","""NC""","nc:AutomationFunction.normalEnabled","uml:attribute"
"cims:stereotype","nc:AssessedElement.normalEnabled","uml:attribute","nc:AutomationFunction.normalEnabled","""NC"""
"cims:stereotype","nc:AssessedElementWithContingency.normalEnabled","uml:attribute","nc:AutomationFunction.normalEnabled","""NC"""
"cims:stereotype","nc:AssessedElementWithRemedialAction.normalEnabled","uml:attribute","nc:AutomationFunction.normalEnabled","""NC"""
"cims:stereotype","nc:AreaDispatchableUnit.normalEnabled","uml:attribute","nc:AutomationFunction.normalEnabled","""NC"""
"rdfs:comment","cim:StreetDetail.type","""Type of street. Examples include:street, circle, boulevard, avenue, road, drive, etc.""","nc:AutomationFunction.type","""Type of automation function."""
"cims:stereotype","cim:StreetDetail.type","uml:attribute","nc:AutomationFunction.type","""NC"""
"rdfs:comment","cim:TieFlow.positiveFlowIn","""Specifies the sign of the tie flow associated with a control area. True if positive flow into the terminal (load convention) is also positive flow into the control area. See the description of ControlArea for further explanation of how TieFlow.positiveFlowIn is used.""","nc:Circuit.positiveFlowIn","""True, if the positive value on the terminal shall be considered flow into the circuit. False, if the positive value on the terminal shall be considered flow out of the circuit."""
"rdfs:comment","cim:Analog.positiveFlowIn","""If true then this measurement is an active power, reactive power or current with the convention that a positive value measured at the Terminal means power is flowing into the related PowerSystemResource.""","nc:Circuit.positiveFlowIn","""True, if the positive value on the terminal shall be considered flow into the circuit. False, if the positive value on the terminal shall be considered flow out of the circuit."""
"cims:stereotype","cim:TieFlow.positiveFlowIn","uml:attribute","nc:Circuit.positiveFlowIn","""NC"""
"cims:stereotype","cim:Analog.positiveFlowIn","uml:attribute","nc:Circuit.positiveFlowIn","""NC"""
"cims:multiplicity","cim:Analog.positiveFlowIn","cims:M:0..1","nc:Circuit.positiveFlowIn","cims:M:1..1"
"rdfs:comment","cim:RegulatingControl.maxAllowedTargetValue","""Maximum allowed target value (RegulatingControl.targetValue).""","nc:ControlFunctionBlock.maxAllowedTargetValue","""Maximum allowed target value given by the percent of target value. The allowed value range is [0,100]."""
"cims:stereotype","cim:RegulatingControl.maxAllowedTargetValue","uml:attribute","nc:ControlFunctionBlock.maxAllowedTargetValue","""NC"""
"rdfs:comment","cim:RegulatingControl.minAllowedTargetValue","""Minimum allowed target value (RegulatingControl.targetValue).""","nc:ControlFunctionBlock.minAllowedTargetValue","""Minimum allowed target value given by the percent of target value. The allowed value range is [0,100]."""
"cims:stereotype","cim:RegulatingControl.minAllowedTargetValue","uml:attribute","nc:ControlFunctionBlock.minAllowedTargetValue","""NC"""
"rdfs:comment","cim:RegulatingControl.targetDeadband","""This is a deadband used with discrete control to avoid excessive update of controls like tap changers and shunt compensator banks while regulating. The units of those appropriate for the mode. The attribute shall be a positive value or zero. If RegulatingControl.discrete is set to ""false"", the RegulatingControl.targetDeadband is to be ignored. Note that for instance, if the targetValue is 100 kV and the targetDeadband is 2 kV the range is from 99 to 101 kV.""","nc:ControlFunctionBlock.targetDeadband","""Target deadband is used with discrete control to avoid excessive update of controls like tap changers and shunt compensator banks while regulating. The attribute shall be a positive value or zero. If isDiscrete is set to ""false"", the targetDeadband is to be ignored. Note that for instance, if the targetValue is 100 kV and the targetDeadband is 2 kV the range is from 99 to 101 kV."""
"cims:stereotype","cim:RegulatingControl.targetDeadband","uml:attribute","nc:ControlFunctionBlock.targetDeadband","""NC"""
"cims:stereotype","nc:CurrentDroopControlFunction.droopCapacitive","""NC""","nc:CurrentDroopOverride.droopCapacitive","uml:attribute"
"cims:stereotype","nc:CurrentDroopControlFunction.droopCapacitive","uml:attribute","nc:CurrentDroopOverride.droopCapacitive","""NC"""
"cims:stereotype","nc:CurrentDroopControlFunction.droopInductive","""NC""","nc:CurrentDroopOverride.droopInductive","uml:attribute"
"cims:stereotype","nc:CurrentDroopControlFunction.droopInductive","uml:attribute","nc:CurrentDroopOverride.droopInductive","""NC"""
"cims:stereotype","nc:AssessedElementWithContingency.mRID","""NC""","nc:CurrentDroopOverride.mRID","uml:attribute"
"cims:stereotype","nc:AssessedElementWithRemedialAction.mRID","""NC""","nc:CurrentDroopOverride.mRID","uml:attribute"
"cims:stereotype","nc:CrossBorderRelevance.mRID","""NC""","nc:CurrentDroopOverride.mRID","uml:attribute"
"cims:stereotype","nc:ContingencyWithRemedialAction.mRID","""NC""","nc:CurrentDroopOverride.mRID","uml:attribute"
"cims:stereotype","cim:IdentifiedObject.mRID","uml:attribute","nc:CurrentDroopOverride.mRID","""NC"""
"cims:stereotype","nc:AssessedElementWithContingency.mRID","uml:attribute","nc:CurrentDroopOverride.mRID","""NC"""
"cims:stereotype","nc:AssessedElementWithRemedialAction.mRID","uml:attribute","nc:CurrentDroopOverride.mRID","""NC"""
"cims:stereotype","nc:CrossBorderRelevance.mRID","uml:attribute","nc:CurrentDroopOverride.mRID","""NC"""
"cims:stereotype","nc:AreaBorderTerminal.mRID","uml:attribute","nc:CurrentDroopOverride.mRID","""NC"""
"cims:stereotype","nc:ContingencyWithRemedialAction.mRID","uml:attribute","nc:CurrentDroopOverride.mRID","""NC"""
"cims:stereotype","cim:VsConverter.droop","uml:attribute","nc:DCCurrentControlFunction.droop","""NC"""
"cims:stereotype","cim:VsConverter.droopCompensation","uml:attribute","nc:DCCurrentControlFunction.droopCompensation","""NC"""
"rdfs:comment","nc:DCPole.normalParticipationFactor","""Normal participation factor describing the entity part of the active power provided by a collection of entities (e.g. an active power forecast to a collection of entities is divided to each of the member entity according to the participation factor). Must be a positive value. In the case of a sharing strategy, the distribution is following entities value (V) equals aggregated value (T) divided by sum of participation factors (PF), i.e. V=T/ sum(PF). In the case of priority strategy, the item with the lowest number gets allocated energy first.""","nc:EnergyBlockOrder.normalParticipationFactor","""Normal participation factor."""
"cims:stereotype","nc:DCPole.normalParticipationFactor","""NC""","nc:EnergyBlockOrder.normalParticipationFactor","uml:attribute"
"cims:stereotype","nc:DCPole.normalParticipationFactor","uml:attribute","nc:EnergyBlockOrder.normalParticipationFactor","""NC"""
"cims:stereotype","nc:DCPole.maxEconomicP","""NC""","nc:EnergyConsumer.maxEconomicP","uml:attribute"
"cims:stereotype","cim:GeneratingUnit.maxEconomicP","uml:attribute","nc:EnergyConsumer.maxEconomicP","""NC"""
"cims:stereotype","nc:DCPole.maxEconomicP","uml:attribute","nc:EnergyConsumer.maxEconomicP","""NC"""
"cims:stereotype","nc:DCPole.minEconomicP","""NC""","nc:EnergyConsumer.minEconomicP","uml:attribute"
"cims:stereotype","cim:GeneratingUnit.minEconomicP","uml:attribute","nc:EnergyConsumer.minEconomicP","""NC"""
"cims:stereotype","nc:DCPole.minEconomicP","uml:attribute","nc:EnergyConsumer.minEconomicP","""NC"""
"rdfs:comment","nc:DCPole.normalParticipationFactor","""Normal participation factor describing the entity part of the active power provided by a collection of entities (e.g. an active power forecast to a collection of entities is divided to each of the member entity according to the participation factor). Must be a positive value. In the case of a sharing strategy, the distribution is following entities value (V) equals aggregated value (T) divided by sum of participation factors (PF), i.e. V=T/ sum(PF). In the case of priority strategy, the item with the lowest number gets allocated energy first.""","nc:EnergyConsumer.normalParticipationFactor","""Participation factor describing the entity part of the active power provided by a collection of entities (e.g. an active power forecast to a collection of entities is divided to each of the member entity according to the participation factor). Must be a positive value. In the case of a sharing strategy, the distribution is following entities value (V) equals aggregated value (T) divided by sum of participation factors (PF), i.e. V=T/ sum(PF). In the case of priority strategy, the item with the lowest number gets allocated energy first."""
"rdfs:comment","nc:EnergyBlockOrder.normalParticipationFactor","""Normal participation factor.""","nc:EnergyConsumer.normalParticipationFactor","""Participation factor describing the entity part of the active power provided by a collection of entities (e.g. an active power forecast to a collection of entities is divided to each of the member entity according to the participation factor). Must be a positive value. In the case of a sharing strategy, the distribution is following entities value (V) equals aggregated value (T) divided by sum of participation factors (PF), i.e. V=T/ sum(PF). In the case of priority strategy, the item with the lowest number gets allocated energy first."""
"cims:stereotype","nc:DCPole.normalParticipationFactor","""NC""","nc:EnergyConsumer.normalParticipationFactor","uml:attribute"
"cims:stereotype","nc:EnergyBlockOrder.normalParticipationFactor","""NC""","nc:EnergyConsumer.normalParticipationFactor","uml:attribute"
"cims:stereotype","nc:DCPole.normalParticipationFactor","uml:attribute","nc:EnergyConsumer.normalParticipationFactor","""NC"""
"cims:stereotype","nc:EnergyBlockOrder.normalParticipationFactor","uml:attribute","nc:EnergyConsumer.normalParticipationFactor","""NC"""
"rdfs:comment","nc:DCPole.normalParticipationFactor","""Normal participation factor describing the entity part of the active power provided by a collection of entities (e.g. an active power forecast to a collection of entities is divided to each of the member entity according to the participation factor). Must be a positive value. In the case of a sharing strategy, the distribution is following entities value (V) equals aggregated value (T) divided by sum of participation factors (PF), i.e. V=T/ sum(PF). In the case of priority strategy, the item with the lowest number gets allocated energy first.""","nc:EnergyGroup.normalParticipationFactor","""Normal participation factor for the power group in relation to scheduling area. Must be a positive value."""
"rdfs:comment","nc:EnergyBlockOrder.normalParticipationFactor","""Normal participation factor.""","nc:EnergyGroup.normalParticipationFactor","""Normal participation factor for the power group in relation to scheduling area. Must be a positive value."""
"rdfs:comment","nc:EnergyConsumer.normalParticipationFactor","""Participation factor describing the entity part of the active power provided by a collection of entities (e.g. an active power forecast to a collection of entities is divided to each of the member entity according to the participation factor). Must be a positive value. In the case of a sharing strategy, the distribution is following entities value (V) equals aggregated value (T) divided by sum of participation factors (PF), i.e. V=T/ sum(PF). In the case of priority strategy, the item with the lowest number gets allocated energy first.""","nc:EnergyGroup.normalParticipationFactor","""Normal participation factor for the power group in relation to scheduling area. Must be a positive value."""
"cims:stereotype","nc:DCPole.normalParticipationFactor","""NC""","nc:EnergyGroup.normalParticipationFactor","uml:attribute"
"cims:stereotype","nc:EnergyBlockOrder.normalParticipationFactor","""NC""","nc:EnergyGroup.normalParticipationFactor","uml:attribute"
"cims:stereotype","nc:EnergyConsumer.normalParticipationFactor","""NC""","nc:EnergyGroup.normalParticipationFactor","uml:attribute"
"cims:stereotype","nc:DCPole.normalParticipationFactor","uml:attribute","nc:EnergyGroup.normalParticipationFactor","""NC"""
"cims:stereotype","nc:EnergyBlockOrder.normalParticipationFactor","uml:attribute","nc:EnergyGroup.normalParticipationFactor","""NC"""
"cims:stereotype","nc:EnergyConsumer.normalParticipationFactor","uml:attribute","nc:EnergyGroup.normalParticipationFactor","""NC"""
"cims:multiplicity","nc:DCPole.normalParticipationFactor","cims:M:0..1","nc:EnergyGroup.normalParticipationFactor","cims:M:1..1"
"cims:multiplicity","nc:EnergyBlockOrder.normalParticipationFactor","cims:M:0..1","nc:EnergyGroup.normalParticipationFactor","cims:M:1..1"
"cims:multiplicity","nc:EnergyConsumer.normalParticipationFactor","cims:M:0..1","nc:EnergyGroup.normalParticipationFactor","cims:M:1..1"
"cims:stereotype","nc:EnergyBlockOrder.powerDuration","""NC""","nc:EnergyGroup.powerDuration","uml:attribute"
"cims:stereotype","nc:EnergyBlockOrder.powerDuration","uml:attribute","nc:EnergyGroup.powerDuration","""NC"""
"rdfs:comment","cim:PowerElectronicsConnection.ratedU","""Rated voltage (nameplate data, Ur in IEC 60909- 0). It is primarily used for short circuit data exchange according to IEC 60909. The attribute shall be a positive value.""","nc:FACTSEquipment.ratedU","""Rated voltage of the FACTS equipment."""
"rdfs:comment","cim:PowerTransformerEnd.ratedU","""Rated voltage:phase- phase for three- phase windings, and either phase- phase or phase- neutral for single- phase windings. A high voltage side, as given by TransformerEnd.endNumber, shall have a ratedU that is greater than or equal to ratedU for the lower voltage sides. The attribute shall be a positive value.""","nc:FACTSEquipment.ratedU","""Rated voltage of the FACTS equipment."""
"rdfs:comment","cim:RotatingMachine.ratedU","""Rated voltage (nameplate data, Ur in IEC 60909- 0). It is primarily used for short circuit data exchange according to IEC 60909. The attribute shall be a positive value.""","nc:FACTSEquipment.ratedU","""Rated voltage of the FACTS equipment."""
"cims:stereotype","cim:PowerElectronicsConnection.ratedU","uml:attribute","nc:FACTSEquipment.ratedU","""NC"""
"cims:stereotype","cim:PowerTransformerEnd.ratedU","uml:attribute","nc:FACTSEquipment.ratedU","""NC"""
"cims:stereotype","cim:RotatingMachine.ratedU","uml:attribute","nc:FACTSEquipment.ratedU","""NC"""
"cims:multiplicity","cim:PowerTransformerEnd.ratedU","cims:M:1..1","nc:FACTSEquipment.ratedU","cims:M:0..1"
"rdfs:comment","cim:StaticVarCompensator.slope","""The characteristics slope of an SVC defines how the reactive power output changes in proportion to the difference between the regulated bus voltage and the voltage setpoint. The attribute shall be a positive value or zero.""","nc:FACTSEquipment.slope","""The characteristics slope which defines how the reactive power output changes in proportion to the difference between the regulated bus voltage and the voltage setpoint. The attribute shall be a positive value or zero."""
"cims:stereotype","cim:StaticVarCompensator.slope","uml:attribute","nc:FACTSEquipment.slope","""NC"""
"cims:stereotype","nc:AssessedElementWithContingency.mRID","""NC""","nc:FrequencyMonitoringTerminal.mRID","uml:attribute"
"cims:stereotype","nc:AssessedElementWithRemedialAction.mRID","""NC""","nc:FrequencyMonitoringTerminal.mRID","uml:attribute"
"cims:stereotype","nc:CrossBorderRelevance.mRID","""NC""","nc:FrequencyMonitoringTerminal.mRID","uml:attribute"
"cims:stereotype","nc:CurrentDroopOverride.mRID","""NC""","nc:FrequencyMonitoringTerminal.mRID","uml:attribute"
"cims:stereotype","nc:FaultCause.mRID","""NC""","nc:FrequencyMonitoringTerminal.mRID","uml:attribute"
"cims:stereotype","nc:FaultOutage.mRID","""NC""","nc:FrequencyMonitoringTerminal.mRID","uml:attribute"
"cims:stereotype","nc:ContingencyWithRemedialAction.mRID","""NC""","nc:FrequencyMonitoringTerminal.mRID","uml:attribute"
"cims:stereotype","cim:IdentifiedObject.mRID","uml:attribute","nc:FrequencyMonitoringTerminal.mRID","""NC"""
"cims:stereotype","nc:AssessedElementWithContingency.mRID","uml:attribute","nc:FrequencyMonitoringTerminal.mRID","""NC"""
"cims:stereotype","nc:AssessedElementWithRemedialAction.mRID","uml:attribute","nc:FrequencyMonitoringTerminal.mRID","""NC"""
"cims:stereotype","nc:CrossBorderRelevance.mRID","uml:attribute","nc:FrequencyMonitoringTerminal.mRID","""NC"""
"cims:stereotype","nc:CurrentDroopOverride.mRID","uml:attribute","nc:FrequencyMonitoringTerminal.mRID","""NC"""
"cims:stereotype","nc:FaultCause.mRID","uml:attribute","nc:FrequencyMonitoringTerminal.mRID","""NC"""
"cims:stereotype","nc:FaultOutage.mRID","uml:attribute","nc:FrequencyMonitoringTerminal.mRID","""NC"""
"cims:stereotype","nc:AreaBorderTerminal.mRID","uml:attribute","nc:FrequencyMonitoringTerminal.mRID","""NC"""
"cims:stereotype","nc:ContingencyWithRemedialAction.mRID","uml:attribute","nc:FrequencyMonitoringTerminal.mRID","""NC"""
"rdfs:comment","cim:BusNameMarker.priority","""Priority of bus name marker for use as topology bus name. Use 0 for do not care. Use 1 for highest priority. Use 2 as priority is less than 1 and so on.""","nc:FrequencyMonitoringTerminal.priority","""Value 0 means ignore priority. 1 means the highest priority, 2 is the second highest priority."""
"cims:stereotype","nc:AvailabilitySchedule.priority","""NC""","nc:FrequencyMonitoringTerminal.priority","uml:attribute"
"cims:stereotype","nc:AutomationBlockGroup.priority","""NC""","nc:FrequencyMonitoringTerminal.priority","uml:attribute"
"cims:stereotype","nc:AvailabilitySchedule.priority","uml:attribute","nc:FrequencyMonitoringTerminal.priority","""NC"""
"cims:stereotype","nc:AutomationBlockGroup.priority","uml:attribute","nc:FrequencyMonitoringTerminal.priority","""NC"""
"cims:stereotype","cim:BusNameMarker.priority","uml:attribute","nc:FrequencyMonitoringTerminal.priority","""NC"""
"cims:multiplicity","nc:AutomationBlockGroup.priority","cims:M:0..1","nc:FrequencyMonitoringTerminal.priority","cims:M:1..1"
"cims:multiplicity","cim:BusNameMarker.priority","cims:M:0..1","nc:FrequencyMonitoringTerminal.priority","cims:M:1..1"
"rdfs:comment","nc:AssessedElement.normalEnabled","""If true, the assessed element shall be considered under normal operating conditions.""","nc:FunctionBlock.normalEnabled","""True, if the function block is enabled (active). Otherwise false."""
"rdfs:comment","nc:AssessedElementWithContingency.normalEnabled","""If true, the assessed element with contingency is enabled, otherwise it is disabled under normal operating conditions.""","nc:FunctionBlock.normalEnabled","""True, if the function block is enabled (active). Otherwise false."""
"rdfs:comment","nc:AssessedElementWithRemedialAction.normalEnabled","""If true, the assessed element with remedial action is enabled, otherwise it is disabled under normal operating conditions.""","nc:FunctionBlock.normalEnabled","""True, if the function block is enabled (active). Otherwise false."""
"rdfs:comment","nc:CrossBorderRelevance.normalEnabled","""If true, the cross border relevance shall be considered under normal operating conditions.""","nc:FunctionBlock.normalEnabled","""True, if the function block is enabled (active). Otherwise false."""
"rdfs:comment","nc:AreaDispatchableUnit.normalEnabled","""Identifies if the unit is normally enabled to accept a dispatch instruction. If true, the unit is enabled to accept a dispatch instruction. If false, the unit has the capability, but it is not enabled to receive a dispatch instruction.""","nc:FunctionBlock.normalEnabled","""True, if the function block is enabled (active). Otherwise false."""
"rdfs:comment","nc:AutomationFunction.normalEnabled","""True, if the automation function is enabled (active). Otherwise false.""","nc:FunctionBlock.normalEnabled","""True, if the function block is enabled (active). Otherwise false."""
"rdfs:comment","nc:ContingencyWithRemedialAction.normalEnabled","""If true, the contingency with remedial action is enabled, otherwise it is disabled under normal operating conditions.""","nc:FunctionBlock.normalEnabled","""True, if the function block is enabled (active). Otherwise false."""
"cims:stereotype","nc:AssessedElement.normalEnabled","""NC""","nc:FunctionBlock.normalEnabled","uml:attribute"
"cims:stereotype","nc:AssessedElementWithContingency.normalEnabled","""NC""","nc:FunctionBlock.normalEnabled","uml:attribute"
"cims:stereotype","nc:AssessedElementWithRemedialAction.normalEnabled","""NC""","nc:FunctionBlock.normalEnabled","uml:attribute"
"cims:stereotype","nc:CrossBorderRelevance.normalEnabled","""NC""","nc:FunctionBlock.normalEnabled","uml:attribute"
"cims:stereotype","nc:AreaDispatchableUnit.normalEnabled","""NC""","nc:FunctionBlock.normalEnabled","uml:attribute"
"cims:stereotype","nc:AutomationFunction.normalEnabled","""NC""","nc:FunctionBlock.normalEnabled","uml:attribute"
"cims:stereotype","nc:ContingencyWithRemedialAction.normalEnabled","""NC""","nc:FunctionBlock.normalEnabled","uml:attribute"
"cims:stereotype","nc:AssessedElement.normalEnabled","uml:attribute","nc:FunctionBlock.normalEnabled","""NC"""
"cims:stereotype","nc:AssessedElementWithContingency.normalEnabled","uml:attribute","nc:FunctionBlock.normalEnabled","""NC"""
"cims:stereotype","nc:AssessedElementWithRemedialAction.normalEnabled","uml:attribute","nc:FunctionBlock.normalEnabled","""NC"""
"cims:stereotype","nc:CrossBorderRelevance.normalEnabled","uml:attribute","nc:FunctionBlock.normalEnabled","""NC"""
"cims:stereotype","nc:AreaDispatchableUnit.normalEnabled","uml:attribute","nc:FunctionBlock.normalEnabled","""NC"""
"cims:stereotype","nc:AutomationFunction.normalEnabled","uml:attribute","nc:FunctionBlock.normalEnabled","""NC"""
"cims:stereotype","nc:ContingencyWithRemedialAction.normalEnabled","uml:attribute","nc:FunctionBlock.normalEnabled","""NC"""
"rdfs:comment","nc:Fault.duration","""The duration of the fault.""","nc:GateInputPin.duration","""The time duration for which the condition is satisfied before acting. Default is 0 seconds."""
"cims:stereotype","nc:Fault.duration","""NC""","nc:GateInputPin.duration","uml:attribute"
"cims:stereotype","nc:Fault.duration","uml:attribute","nc:GateInputPin.duration","""NC"""
"cims:multiplicity","nc:Fault.duration","cims:M:1..1","nc:GateInputPin.duration","cims:M:0..1"
"cims:stereotype","nc:EnergyConsumer.maxEconomicP","""NC""","nc:HydroPump.maxEconomicP","uml:attribute"
"cims:stereotype","nc:DCPole.maxEconomicP","""NC""","nc:HydroPump.maxEconomicP","uml:attribute"
"cims:stereotype","cim:GeneratingUnit.maxEconomicP","uml:attribute","nc:HydroPump.maxEconomicP","""NC"""
"cims:stereotype","nc:EnergyConsumer.maxEconomicP","uml:attribute","nc:HydroPump.maxEconomicP","""NC"""
"cims:stereotype","nc:DCPole.maxEconomicP","uml:attribute","nc:HydroPump.maxEconomicP","""NC"""
"cims:stereotype","cim:GeneratingUnit.maxOperatingP","uml:attribute","nc:HydroPump.maxOperatingP","""NC"""
"cims:multiplicity","cim:GeneratingUnit.maxOperatingP","cims:M:1..1","nc:HydroPump.maxOperatingP","cims:M:0..1"
"cims:stereotype","nc:EnergyConsumer.minEconomicP","""NC""","nc:HydroPump.minEconomicP","uml:attribute"
"cims:stereotype","nc:DCPole.minEconomicP","""NC""","nc:HydroPump.minEconomicP","uml:attribute"
"cims:stereotype","cim:GeneratingUnit.minEconomicP","uml:attribute","nc:HydroPump.minEconomicP","""NC"""
"cims:stereotype","nc:EnergyConsumer.minEconomicP","uml:attribute","nc:HydroPump.minEconomicP","""NC"""
"cims:stereotype","nc:DCPole.minEconomicP","uml:attribute","nc:HydroPump.minEconomicP","""NC"""
"cims:stereotype","cim:GeneratingUnit.minOperatingP","uml:attribute","nc:HydroPump.minOperatingP","""NC"""
"cims:multiplicity","cim:GeneratingUnit.minOperatingP","cims:M:1..1","nc:HydroPump.minOperatingP","cims:M:0..1"
"rdfs:comment","nc:DCPole.normalParticipationFactor","""Normal participation factor describing the entity part of the active power provided by a collection of entities (e.g. an active power forecast to a collection of entities is divided to each of the member entity according to the participation factor). Must be a positive value. In the case of a sharing strategy, the distribution is following entities value (V) equals aggregated value (T) divided by sum of participation factors (PF), i.e. V=T/ sum(PF). In the case of priority strategy, the item with the lowest number gets allocated energy first.""","nc:HydroPump.normalParticipationFactor","""Participation factor describing the entity part of the active power provided by a collection of entities (e.g. an active power forecast to a collection of entities is divided to each of the member entity according to the participation factor). Must be a positive value. In the case of a sharing strategy, the distribution is following entities value (V) equals aggregated value (T) divided by sum of participation factors (PF), i.e. V=T/ sum(PF). In the case of priority strategy, the item with the lowest number gets allocated energy first."""
"rdfs:comment","nc:EnergyBlockOrder.normalParticipationFactor","""Normal participation factor.""","nc:HydroPump.normalParticipationFactor","""Participation factor describing the entity part of the active power provided by a collection of entities (e.g. an active power forecast to a collection of entities is divided to each of the member entity according to the participation factor). Must be a positive value. In the case of a sharing strategy, the distribution is following entities value (V) equals aggregated value (T) divided by sum of participation factors (PF), i.e. V=T/ sum(PF). In the case of priority strategy, the item with the lowest number gets allocated energy first."""
"rdfs:comment","nc:EnergyGroup.normalParticipationFactor","""Normal participation factor for the power group in relation to scheduling area. Must be a positive value.""","nc:HydroPump.normalParticipationFactor","""Participation factor describing the entity part of the active power provided by a collection of entities (e.g. an active power forecast to a collection of entities is divided to each of the member entity according to the participation factor). Must be a positive value. In the case of a sharing strategy, the distribution is following entities value (V) equals aggregated value (T) divided by sum of participation factors (PF), i.e. V=T/ sum(PF). In the case of priority strategy, the item with the lowest number gets allocated energy first."""
"cims:stereotype","nc:DCPole.normalParticipationFactor","""NC""","nc:HydroPump.normalParticipationFactor","uml:attribute"
"cims:stereotype","nc:EnergyBlockOrder.normalParticipationFactor","""NC""","nc:HydroPump.normalParticipationFactor","uml:attribute"
"cims:stereotype","nc:EnergyConsumer.normalParticipationFactor","""NC""","nc:HydroPump.normalParticipationFactor","uml:attribute"
"cims:stereotype","nc:EnergyGroup.normalParticipationFactor","""NC""","nc:HydroPump.normalParticipationFactor","uml:attribute"
"cims:stereotype","nc:DCPole.normalParticipationFactor","uml:attribute","nc:HydroPump.normalParticipationFactor","""NC"""
"cims:stereotype","nc:EnergyBlockOrder.normalParticipationFactor","uml:attribute","nc:HydroPump.normalParticipationFactor","""NC"""
"cims:stereotype","nc:EnergyConsumer.normalParticipationFactor","uml:attribute","nc:HydroPump.normalParticipationFactor","""NC"""
"cims:stereotype","nc:EnergyGroup.normalParticipationFactor","uml:attribute","nc:HydroPump.normalParticipationFactor","""NC"""
"cims:multiplicity","nc:EnergyGroup.normalParticipationFactor","cims:M:1..1","nc:HydroPump.normalParticipationFactor","cims:M:0..1"
"cims:stereotype","nc:AssessedElementWithContingency.mRID","""NC""","nc:InfeedTerminal.mRID","uml:attribute"
"cims:stereotype","nc:AssessedElementWithRemedialAction.mRID","""NC""","nc:InfeedTerminal.mRID","uml:attribute"
"cims:stereotype","nc:CrossBorderRelevance.mRID","""NC""","nc:InfeedTerminal.mRID","uml:attribute"
"cims:stereotype","nc:CurrentDroopOverride.mRID","""NC""","nc:InfeedTerminal.mRID","uml:attribute"
"cims:stereotype","nc:FrequencyMonitoringTerminal.mRID","""NC""","nc:InfeedTerminal.mRID","uml:attribute"
"cims:stereotype","nc:FaultCause.mRID","""NC""","nc:InfeedTerminal.mRID","uml:attribute"
"cims:stereotype","nc:FaultOutage.mRID","""NC""","nc:InfeedTerminal.mRID","uml:attribute"
"cims:stereotype","nc:ContingencyWithRemedialAction.mRID","""NC""","nc:InfeedTerminal.mRID","uml:attribute"
"cims:stereotype","nc:HourPeriod.mRID","""NC""","nc:InfeedTerminal.mRID","uml:attribute"
"cims:stereotype","cim:IdentifiedObject.mRID","uml:attribute","nc:InfeedTerminal.mRID","""NC"""
"cims:stereotype","nc:AssessedElementWithContingency.mRID","uml:attribute","nc:InfeedTerminal.mRID","""NC"""
"cims:stereotype","nc:AssessedElementWithRemedialAction.mRID","uml:attribute","nc:InfeedTerminal.mRID","""NC"""
"cims:stereotype","nc:CrossBorderRelevance.mRID","uml:attribute","nc:InfeedTerminal.mRID","""NC"""
"cims:stereotype","nc:CurrentDroopOverride.mRID","uml:attribute","nc:InfeedTerminal.mRID","""NC"""
"cims:stereotype","nc:FrequencyMonitoringTerminal.mRID","uml:attribute","nc:InfeedTerminal.mRID","""NC"""
"cims:stereotype","nc:FaultCause.mRID","uml:attribute","nc:InfeedTerminal.mRID","""NC"""
"cims:stereotype","nc:FaultOutage.mRID","uml:attribute","nc:InfeedTerminal.mRID","""NC"""
"cims:stereotype","nc:AreaBorderTerminal.mRID","uml:attribute","nc:InfeedTerminal.mRID","""NC"""
"cims:stereotype","nc:ContingencyWithRemedialAction.mRID","uml:attribute","nc:InfeedTerminal.mRID","""NC"""
"cims:stereotype","nc:HourPeriod.mRID","uml:attribute","nc:InfeedTerminal.mRID","""NC"""
"cims:stereotype","nc:EnergyConsumer.maxEconomicP","""NC""","nc:PowerElectronicsUnit.maxEconomicP","uml:attribute"
"cims:stereotype","nc:HydroPump.maxEconomicP","""NC""","nc:PowerElectronicsUnit.maxEconomicP","uml:attribute"
"cims:stereotype","nc:DCPole.maxEconomicP","""NC""","nc:PowerElectronicsUnit.maxEconomicP","uml:attribute"
"cims:stereotype","cim:GeneratingUnit.maxEconomicP","uml:attribute","nc:PowerElectronicsUnit.maxEconomicP","""NC"""
"cims:stereotype","nc:EnergyConsumer.maxEconomicP","uml:attribute","nc:PowerElectronicsUnit.maxEconomicP","""NC"""
"cims:stereotype","nc:HydroPump.maxEconomicP","uml:attribute","nc:PowerElectronicsUnit.maxEconomicP","""NC"""
"cims:stereotype","nc:DCPole.maxEconomicP","uml:attribute","nc:PowerElectronicsUnit.maxEconomicP","""NC"""
"cims:stereotype","nc:EnergyConsumer.minEconomicP","""NC""","nc:PowerElectronicsUnit.minEconomicP","uml:attribute"
"cims:stereotype","nc:HydroPump.minEconomicP","""NC""","nc:PowerElectronicsUnit.minEconomicP","uml:attribute"
"cims:stereotype","nc:DCPole.minEconomicP","""NC""","nc:PowerElectronicsUnit.minEconomicP","uml:attribute"
"cims:stereotype","cim:GeneratingUnit.minEconomicP","uml:attribute","nc:PowerElectronicsUnit.minEconomicP","""NC"""
"cims:stereotype","nc:EnergyConsumer.minEconomicP","uml:attribute","nc:PowerElectronicsUnit.minEconomicP","""NC"""
"cims:stereotype","nc:HydroPump.minEconomicP","uml:attribute","nc:PowerElectronicsUnit.minEconomicP","""NC"""
"cims:stereotype","nc:DCPole.minEconomicP","uml:attribute","nc:PowerElectronicsUnit.minEconomicP","""NC"""
"rdfs:comment","nc:DCPole.normalParticipationFactor","""Normal participation factor describing the entity part of the active power provided by a collection of entities (e.g. an active power forecast to a collection of entities is divided to each of the member entity according to the participation factor). Must be a positive value. In the case of a sharing strategy, the distribution is following entities value (V) equals aggregated value (T) divided by sum of participation factors (PF), i.e. V=T/ sum(PF). In the case of priority strategy, the item with the lowest number gets allocated energy first.""","nc:PowerElectronicsUnit.normalParticipationFactor","""Participation factor describing the entity part of the active power provided by a collection of entities (e.g. an active power forecast to a collection of entities is divided to each of the member entity according to the participation factor). Must be a positive value. In the case of a sharing strategy, the distribution is following entities value (V) equals aggregated value (T) divided by sum of participation factors (PF), i.e. V=T/ sum(PF). In the case of priority strategy, the item with the lowest number gets allocated energy first."""
"rdfs:comment","nc:EnergyBlockOrder.normalParticipationFactor","""Normal participation factor.""","nc:PowerElectronicsUnit.normalParticipationFactor","""Participation factor describing the entity part of the active power provided by a collection of entities (e.g. an active power forecast to a collection of entities is divided to each of the member entity according to the participation factor). Must be a positive value. In the case of a sharing strategy, the distribution is following entities value (V) equals aggregated value (T) divided by sum of participation factors (PF), i.e. V=T/ sum(PF). In the case of priority strategy, the item with the lowest number gets allocated energy first."""
"rdfs:comment","nc:EnergyGroup.normalParticipationFactor","""Normal participation factor for the power group in relation to scheduling area. Must be a positive value.""","nc:PowerElectronicsUnit.normalParticipationFactor","""Participation factor describing the entity part of the active power provided by a collection of entities (e.g. an active power forecast to a collection of entities is divided to each of the member entity according to the participation factor). Must be a positive value. In the case of a sharing strategy, the distribution is following entities value (V) equals aggregated value (T) divided by sum of participation factors (PF), i.e. V=T/ sum(PF). In the case of priority strategy, the item with the lowest number gets allocated energy first."""
"cims:stereotype","nc:DCPole.normalParticipationFactor","""NC""","nc:PowerElectronicsUnit.normalParticipationFactor","uml:attribute"
"cims:stereotype","nc:EnergyBlockOrder.normalParticipationFactor","""NC""","nc:PowerElectronicsUnit.normalParticipationFactor","uml:attribute"
"cims:stereotype","nc:EnergyConsumer.normalParticipationFactor","""NC""","nc:PowerElectronicsUnit.normalParticipationFactor","uml:attribute"
"cims:stereotype","nc:EnergyGroup.normalParticipationFactor","""NC""","nc:PowerElectronicsUnit.normalParticipationFactor","uml:attribute"
"cims:stereotype","nc:HydroPump.normalParticipationFactor","""NC""","nc:PowerElectronicsUnit.normalParticipationFactor","uml:attribute"
"cims:stereotype","nc:DCPole.normalParticipationFactor","uml:attribute","nc:PowerElectronicsUnit.normalParticipationFactor","""NC"""
"cims:stereotype","nc:EnergyBlockOrder.normalParticipationFactor","uml:attribute","nc:PowerElectronicsUnit.normalParticipationFactor","""NC"""
"cims:stereotype","nc:EnergyConsumer.normalParticipationFactor","uml:attribute","nc:PowerElectronicsUnit.normalParticipationFactor","""NC"""
"cims:stereotype","nc:EnergyGroup.normalParticipationFactor","uml:attribute","nc:PowerElectronicsUnit.normalParticipationFactor","""NC"""
"cims:stereotype","nc:HydroPump.normalParticipationFactor","uml:attribute","nc:PowerElectronicsUnit.normalParticipationFactor","""NC"""
"cims:multiplicity","nc:EnergyGroup.normalParticipationFactor","cims:M:1..1","nc:PowerElectronicsUnit.normalParticipationFactor","cims:M:0..1"
"rdfs:comment","nc:AssessedElementWithContingency.normalEnabled","""If true, the assessed element with contingency is enabled, otherwise it is disabled under normal operating conditions.""","nc:PowerShiftKeyStrategy.normalEnabled","""If true, the assessed element shall be considered under normal operating conditions."""
"rdfs:comment","nc:AssessedElementWithRemedialAction.normalEnabled","""If true, the assessed element with remedial action is enabled, otherwise it is disabled under normal operating conditions.""","nc:PowerShiftKeyStrategy.normalEnabled","""If true, the assessed element shall be considered under normal operating conditions."""
"rdfs:comment","nc:CrossBorderRelevance.normalEnabled","""If true, the cross border relevance shall be considered under normal operating conditions.""","nc:PowerShiftKeyStrategy.normalEnabled","""If true, the assessed element shall be considered under normal operating conditions."""
"rdfs:comment","nc:AreaDispatchableUnit.normalEnabled","""Identifies if the unit is normally enabled to accept a dispatch instruction. If true, the unit is enabled to accept a dispatch instruction. If false, the unit has the capability, but it is not enabled to receive a dispatch instruction.""","nc:PowerShiftKeyStrategy.normalEnabled","""If true, the assessed element shall be considered under normal operating conditions."""
"rdfs:comment","nc:AutomationFunction.normalEnabled","""True, if the automation function is enabled (active). Otherwise false.""","nc:PowerShiftKeyStrategy.normalEnabled","""If true, the assessed element shall be considered under normal operating conditions."""
"rdfs:comment","nc:FunctionBlock.normalEnabled","""True, if the function block is enabled (active). Otherwise false.""","nc:PowerShiftKeyStrategy.normalEnabled","""If true, the assessed element shall be considered under normal operating conditions."""
"rdfs:comment","nc:ContingencyWithRemedialAction.normalEnabled","""If true, the contingency with remedial action is enabled, otherwise it is disabled under normal operating conditions.""","nc:PowerShiftKeyStrategy.normalEnabled","""If true, the assessed element shall be considered under normal operating conditions."""
"rdfs:comment","nc:GridStateAlteration.normalEnabled","""The default/ normal value used when other active signal/ values are missing.""","nc:PowerShiftKeyStrategy.normalEnabled","""If true, the assessed element shall be considered under normal operating conditions."""
"cims:stereotype","nc:AssessedElement.normalEnabled","""NC""","nc:PowerShiftKeyStrategy.normalEnabled","uml:attribute"
"cims:stereotype","nc:AssessedElementWithContingency.normalEnabled","""NC""","nc:PowerShiftKeyStrategy.normalEnabled","uml:attribute"
"cims:stereotype","nc:AssessedElementWithRemedialAction.normalEnabled","""NC""","nc:PowerShiftKeyStrategy.normalEnabled","uml:attribute"
"cims:stereotype","nc:CrossBorderRelevance.normalEnabled","""NC""","nc:PowerShiftKeyStrategy.normalEnabled","uml:attribute"
"cims:stereotype","nc:AreaDispatchableUnit.normalEnabled","""NC""","nc:PowerShiftKeyStrategy.normalEnabled","uml:attribute"
"cims:stereotype","nc:AutomationFunction.normalEnabled","""NC""","nc:PowerShiftKeyStrategy.normalEnabled","uml:attribute"
"cims:stereotype","nc:FunctionBlock.normalEnabled","""NC""","nc:PowerShiftKeyStrategy.normalEnabled","uml:attribute"
"cims:stereotype","nc:ContingencyWithRemedialAction.normalEnabled","""NC""","nc:PowerShiftKeyStrategy.normalEnabled","uml:attribute"
"cims:stereotype","nc:GridStateAlteration.normalEnabled","""NC""","nc:PowerShiftKeyStrategy.normalEnabled","uml:attribute"
"cims:stereotype","nc:AssessedElement.normalEnabled","uml:attribute","nc:PowerShiftKeyStrategy.normalEnabled","""NC"""
"cims:stereotype","nc:AssessedElementWithContingency.normalEnabled","uml:attribute","nc:PowerShiftKeyStrategy.normalEnabled","""NC"""
"cims:stereotype","nc:AssessedElementWithRemedialAction.normalEnabled","uml:attribute","nc:PowerShiftKeyStrategy.normalEnabled","""NC"""
"cims:stereotype","nc:CrossBorderRelevance.normalEnabled","uml:attribute","nc:PowerShiftKeyStrategy.normalEnabled","""NC"""
"cims:stereotype","nc:AreaDispatchableUnit.normalEnabled","uml:attribute","nc:PowerShiftKeyStrategy.normalEnabled","""NC"""
"cims:stereotype","nc:AutomationFunction.normalEnabled","uml:attribute","nc:PowerShiftKeyStrategy.normalEnabled","""NC"""
"cims:stereotype","nc:FunctionBlock.normalEnabled","uml:attribute","nc:PowerShiftKeyStrategy.normalEnabled","""NC"""
"cims:stereotype","nc:ContingencyWithRemedialAction.normalEnabled","uml:attribute","nc:PowerShiftKeyStrategy.normalEnabled","""NC"""
"cims:stereotype","nc:GridStateAlteration.normalEnabled","uml:attribute","nc:PowerShiftKeyStrategy.normalEnabled","""NC"""
"rdfs:comment","nc:DCPole.normalParticipationFactor","""Normal participation factor describing the entity part of the active power provided by a collection of entities (e.g. an active power forecast to a collection of entities is divided to each of the member entity according to the participation factor). Must be a positive value. In the case of a sharing strategy, the distribution is following entities value (V) equals aggregated value (T) divided by sum of participation factors (PF), i.e. V=T/ sum(PF). In the case of priority strategy, the item with the lowest number gets allocated energy first.""","nc:PowerShiftKeyStrategy.normalParticipationFactor","""Normal participation factor describing the entities part of the power shift strategy. Must be a positive value."""
"rdfs:comment","nc:EnergyBlockOrder.normalParticipationFactor","""Normal participation factor.""","nc:PowerShiftKeyStrategy.normalParticipationFactor","""Normal participation factor describing the entities part of the power shift strategy. Must be a positive value."""
"rdfs:comment","nc:EnergyConsumer.normalParticipationFactor","""Participation factor describing the entity part of the active power provided by a collection of entities (e.g. an active power forecast to a collection of entities is divided to each of the member entity according to the participation factor). Must be a positive value. In the case of a sharing strategy, the distribution is following entities value (V) equals aggregated value (T) divided by sum of participation factors (PF), i.e. V=T/ sum(PF). In the case of priority strategy, the item with the lowest number gets allocated energy first.""","nc:PowerShiftKeyStrategy.normalParticipationFactor","""Normal participation factor describing the entities part of the power shift strategy. Must be a positive value."""
"rdfs:comment","nc:EnergyGroup.normalParticipationFactor","""Normal participation factor for the power group in relation to scheduling area. Must be a positive value.""","nc:PowerShiftKeyStrategy.normalParticipationFactor","""Normal participation factor describing the entities part of the power shift strategy. Must be a positive value."""
"rdfs:comment","nc:HydroPump.normalParticipationFactor","""Participation factor describing the entity part of the active power provided by a collection of entities (e.g. an active power forecast to a collection of entities is divided to each of the member entity according to the participation factor). Must be a positive value. In the case of a sharing strategy, the distribution is following entities value (V) equals aggregated value (T) divided by sum of participation factors (PF), i.e. V=T/ sum(PF). In the case of priority strategy, the item with the lowest number gets allocated energy first.""","nc:PowerShiftKeyStrategy.normalParticipationFactor","""Normal participation factor describing the entities part of the power shift strategy. Must be a positive value."""
"rdfs:comment","nc:PowerElectronicsUnit.normalParticipationFactor","""Participation factor describing the entity part of the active power provided by a collection of entities (e.g. an active power forecast to a collection of entities is divided to each of the member entity according to the participation factor). Must be a positive value. In the case of a sharing strategy, the distribution is following entities value (V) equals aggregated value (T) divided by sum of participation factors (PF), i.e. V=T/ sum(PF). In the case of priority strategy, the item with the lowest number gets allocated energy first.""","nc:PowerShiftKeyStrategy.normalParticipationFactor","""Normal participation factor describing the entities part of the power shift strategy. Must be a positive value."""
"cims:stereotype","nc:DCPole.normalParticipationFactor","""NC""","nc:PowerShiftKeyStrategy.normalParticipationFactor","uml:attribute"
"cims:stereotype","nc:EnergyBlockOrder.normalParticipationFactor","""NC""","nc:PowerShiftKeyStrategy.normalParticipationFactor","uml:attribute"
"cims:stereotype","nc:EnergyConsumer.normalParticipationFactor","""NC""","nc:PowerShiftKeyStrategy.normalParticipationFactor","uml:attribute"
"cims:stereotype","nc:EnergyGroup.normalParticipationFactor","""NC""","nc:PowerShiftKeyStrategy.normalParticipationFactor","uml:attribute"
"cims:stereotype","nc:HydroPump.normalParticipationFactor","""NC""","nc:PowerShiftKeyStrategy.normalParticipationFactor","uml:attribute"
"cims:stereotype","nc:PowerElectronicsUnit.normalParticipationFactor","""NC""","nc:PowerShiftKeyStrategy.normalParticipationFactor","uml:attribute"
"cims:stereotype","nc:DCPole.normalParticipationFactor","uml:attribute","nc:PowerShiftKeyStrategy.normalParticipationFactor","""NC"""
"cims:stereotype","nc:EnergyBlockOrder.normalParticipationFactor","uml:attribute","nc:PowerShiftKeyStrategy.normalParticipationFactor","""NC"""
"cims:stereotype","nc:EnergyConsumer.normalParticipationFactor","uml:attribute","nc:PowerShiftKeyStrategy.normalParticipationFactor","""NC"""
"cims:stereotype","nc:EnergyGroup.normalParticipationFactor","uml:attribute","nc:PowerShiftKeyStrategy.normalParticipationFactor","""NC"""
"cims:stereotype","nc:HydroPump.normalParticipationFactor","uml:attribute","nc:PowerShiftKeyStrategy.normalParticipationFactor","""NC"""
"cims:stereotype","nc:PowerElectronicsUnit.normalParticipationFactor","uml:attribute","nc:PowerShiftKeyStrategy.normalParticipationFactor","""NC"""
"cims:multiplicity","nc:EnergyGroup.normalParticipationFactor","cims:M:1..1","nc:PowerShiftKeyStrategy.normalParticipationFactor","cims:M:0..1"
"rdfs:comment","nc:AssessedElement.normalEnabled","""If true, the assessed element shall be considered under normal operating conditions.""","nc:PowerTransferCorridor.normalEnabled","""It is the normal enable/ disable the monitoring/ assessment of a power transfer corridor. True means that the monitoring of the power transfer corridor is assessed. False means the power transfer corridor is not assessed."""
"rdfs:comment","nc:AssessedElementWithContingency.normalEnabled","""If true, the assessed element with contingency is enabled, otherwise it is disabled under normal operating conditions.""","nc:PowerTransferCorridor.normalEnabled","""It is the normal enable/ disable the monitoring/ assessment of a power transfer corridor. True means that the monitoring of the power transfer corridor is assessed. False means the power transfer corridor is not assessed."""
"rdfs:comment","nc:AssessedElementWithRemedialAction.normalEnabled","""If true, the assessed element with remedial action is enabled, otherwise it is disabled under normal operating conditions.""","nc:PowerTransferCorridor.normalEnabled","""It is the normal enable/ disable the monitoring/ assessment of a power transfer corridor. True means that the monitoring of the power transfer corridor is assessed. False means the power transfer corridor is not assessed."""
"rdfs:comment","nc:CrossBorderRelevance.normalEnabled","""If true, the cross border relevance shall be considered under normal operating conditions.""","nc:PowerTransferCorridor.normalEnabled","""It is the normal enable/ disable the monitoring/ assessment of a power transfer corridor. True means that the monitoring of the power transfer corridor is assessed. False means the power transfer corridor is not assessed."""
"rdfs:comment","nc:AreaDispatchableUnit.normalEnabled","""Identifies if the unit is normally enabled to accept a dispatch instruction. If true, the unit is enabled to accept a dispatch instruction. If false, the unit has the capability, but it is not enabled to receive a dispatch instruction.""","nc:PowerTransferCorridor.normalEnabled","""It is the normal enable/ disable the monitoring/ assessment of a power transfer corridor. True means that the monitoring of the power transfer corridor is assessed. False means the power transfer corridor is not assessed."""
"rdfs:comment","nc:AutomationFunction.normalEnabled","""True, if the automation function is enabled (active). Otherwise false.""","nc:PowerTransferCorridor.normalEnabled","""It is the normal enable/ disable the monitoring/ assessment of a power transfer corridor. True means that the monitoring of the power transfer corridor is assessed. False means the power transfer corridor is not assessed."""
"rdfs:comment","nc:FunctionBlock.normalEnabled","""True, if the function block is enabled (active). Otherwise false.""","nc:PowerTransferCorridor.normalEnabled","""It is the normal enable/ disable the monitoring/ assessment of a power transfer corridor. True means that the monitoring of the power transfer corridor is assessed. False means the power transfer corridor is not assessed."""
"rdfs:comment","nc:PowerShiftKeyStrategy.normalEnabled","""If true, the assessed element shall be considered under normal operating conditions.""","nc:PowerTransferCorridor.normalEnabled","""It is the normal enable/ disable the monitoring/ assessment of a power transfer corridor. True means that the monitoring of the power transfer corridor is assessed. False means the power transfer corridor is not assessed."""
"rdfs:comment","nc:ContingencyWithRemedialAction.normalEnabled","""If true, the contingency with remedial action is enabled, otherwise it is disabled under normal operating conditions.""","nc:PowerTransferCorridor.normalEnabled","""It is the normal enable/ disable the monitoring/ assessment of a power transfer corridor. True means that the monitoring of the power transfer corridor is assessed. False means the power transfer corridor is not assessed."""
"rdfs:comment","nc:GridStateAlteration.normalEnabled","""The default/ normal value used when other active signal/ values are missing.""","nc:PowerTransferCorridor.normalEnabled","""It is the normal enable/ disable the monitoring/ assessment of a power transfer corridor. True means that the monitoring of the power transfer corridor is assessed. False means the power transfer corridor is not assessed."""
"cims:stereotype","nc:AssessedElement.normalEnabled","""NC""","nc:PowerTransferCorridor.normalEnabled","uml:attribute"
"cims:stereotype","nc:AssessedElementWithContingency.normalEnabled","""NC""","nc:PowerTransferCorridor.normalEnabled","uml:attribute"
"cims:stereotype","nc:AssessedElementWithRemedialAction.normalEnabled","""NC""","nc:PowerTransferCorridor.normalEnabled","uml:attribute"
"cims:stereotype","nc:CrossBorderRelevance.normalEnabled","""NC""","nc:PowerTransferCorridor.normalEnabled","uml:attribute"
"cims:stereotype","nc:AreaDispatchableUnit.normalEnabled","""NC""","nc:PowerTransferCorridor.normalEnabled","uml:attribute"
"cims:stereotype","nc:AutomationFunction.normalEnabled","""NC""","nc:PowerTransferCorridor.normalEnabled","uml:attribute"
"cims:stereotype","nc:FunctionBlock.normalEnabled","""NC""","nc:PowerTransferCorridor.normalEnabled","uml:attribute"
"cims:stereotype","nc:PowerShiftKeyStrategy.normalEnabled","""NC""","nc:PowerTransferCorridor.normalEnabled","uml:attribute"
"cims:stereotype","nc:ContingencyWithRemedialAction.normalEnabled","""NC""","nc:PowerTransferCorridor.normalEnabled","uml:attribute"
"cims:stereotype","nc:GridStateAlteration.normalEnabled","""NC""","nc:PowerTransferCorridor.normalEnabled","uml:attribute"
"cims:stereotype","nc:AssessedElement.normalEnabled","uml:attribute","nc:PowerTransferCorridor.normalEnabled","""NC"""
"cims:stereotype","nc:AssessedElementWithContingency.normalEnabled","uml:attribute","nc:PowerTransferCorridor.normalEnabled","""NC"""
"cims:stereotype","nc:AssessedElementWithRemedialAction.normalEnabled","uml:attribute","nc:PowerTransferCorridor.normalEnabled","""NC"""
"cims:stereotype","nc:CrossBorderRelevance.normalEnabled","uml:attribute","nc:PowerTransferCorridor.normalEnabled","""NC"""
"cims:stereotype","nc:AreaDispatchableUnit.normalEnabled","uml:attribute","nc:PowerTransferCorridor.normalEnabled","""NC"""
"cims:stereotype","nc:AutomationFunction.normalEnabled","uml:attribute","nc:PowerTransferCorridor.normalEnabled","""NC"""
"cims:stereotype","nc:FunctionBlock.normalEnabled","uml:attribute","nc:PowerTransferCorridor.normalEnabled","""NC"""
"cims:stereotype","nc:PowerShiftKeyStrategy.normalEnabled","uml:attribute","nc:PowerTransferCorridor.normalEnabled","""NC"""
"cims:stereotype","nc:ContingencyWithRemedialAction.normalEnabled","uml:attribute","nc:PowerTransferCorridor.normalEnabled","""NC"""
"cims:stereotype","nc:GridStateAlteration.normalEnabled","uml:attribute","nc:PowerTransferCorridor.normalEnabled","""NC"""
"rdfs:comment","nc:DCPole.normalParticipationFactor","""Normal participation factor describing the entity part of the active power provided by a collection of entities (e.g. an active power forecast to a collection of entities is divided to each of the member entity according to the participation factor). Must be a positive value. In the case of a sharing strategy, the distribution is following entities value (V) equals aggregated value (T) divided by sum of participation factors (PF), i.e. V=T/ sum(PF). In the case of priority strategy, the item with the lowest number gets allocated energy first.""","nc:ProportionalEnergyComponent.normalParticipationFactor","""Normal participation factor."""
"rdfs:comment","nc:EnergyConsumer.normalParticipationFactor","""Participation factor describing the entity part of the active power provided by a collection of entities (e.g. an active power forecast to a collection of entities is divided to each of the member entity according to the participation factor). Must be a positive value. In the case of a sharing strategy, the distribution is following entities value (V) equals aggregated value (T) divided by sum of participation factors (PF), i.e. V=T/ sum(PF). In the case of priority strategy, the item with the lowest number gets allocated energy first.""","nc:ProportionalEnergyComponent.normalParticipationFactor","""Normal participation factor."""
"rdfs:comment","nc:EnergyGroup.normalParticipationFactor","""Normal participation factor for the power group in relation to scheduling area. Must be a positive value.""","nc:ProportionalEnergyComponent.normalParticipationFactor","""Normal participation factor."""
"rdfs:comment","nc:HydroPump.normalParticipationFactor","""Participation factor describing the entity part of the active power provided by a collection of entities (e.g. an active power forecast to a collection of entities is divided to each of the member entity according to the participation factor). Must be a positive value. In the case of a sharing strategy, the distribution is following entities value (V) equals aggregated value (T) divided by sum of participation factors (PF), i.e. V=T/ sum(PF). In the case of priority strategy, the item with the lowest number gets allocated energy first.""","nc:ProportionalEnergyComponent.normalParticipationFactor","""Normal participation factor."""
"rdfs:comment","nc:PowerElectronicsUnit.normalParticipationFactor","""Participation factor describing the entity part of the active power provided by a collection of entities (e.g. an active power forecast to a collection of entities is divided to each of the member entity according to the participation factor). Must be a positive value. In the case of a sharing strategy, the distribution is following entities value (V) equals aggregated value (T) divided by sum of participation factors (PF), i.e. V=T/ sum(PF). In the case of priority strategy, the item with the lowest number gets allocated energy first.""","nc:ProportionalEnergyComponent.normalParticipationFactor","""Normal participation factor."""
"rdfs:comment","nc:PowerShiftKeyStrategy.normalParticipationFactor","""Normal participation factor describing the entities part of the power shift strategy. Must be a positive value.""","nc:ProportionalEnergyComponent.normalParticipationFactor","""Normal participation factor."""
"cims:stereotype","nc:DCPole.normalParticipationFactor","""NC""","nc:ProportionalEnergyComponent.normalParticipationFactor","uml:attribute"
"cims:stereotype","nc:EnergyBlockOrder.normalParticipationFactor","""NC""","nc:ProportionalEnergyComponent.normalParticipationFactor","uml:attribute"
"cims:stereotype","nc:EnergyConsumer.normalParticipationFactor","""NC""","nc:ProportionalEnergyComponent.normalParticipationFactor","uml:attribute"
"cims:stereotype","nc:EnergyGroup.normalParticipationFactor","""NC""","nc:ProportionalEnergyComponent.normalParticipationFactor","uml:attribute"
"cims:stereotype","nc:HydroPump.normalParticipationFactor","""NC""","nc:ProportionalEnergyComponent.normalParticipationFactor","uml:attribute"
"cims:stereotype","nc:PowerElectronicsUnit.normalParticipationFactor","""NC""","nc:ProportionalEnergyComponent.normalParticipationFactor","uml:attribute"
"cims:stereotype","nc:PowerShiftKeyStrategy.normalParticipationFactor","""NC""","nc:ProportionalEnergyComponent.normalParticipationFactor","uml:attribute"
"cims:stereotype","nc:DCPole.normalParticipationFactor","uml:attribute","nc:ProportionalEnergyComponent.normalParticipationFactor","""NC"""
"cims:stereotype","nc:EnergyBlockOrder.normalParticipationFactor","uml:attribute","nc:ProportionalEnergyComponent.normalParticipationFactor","""NC"""
"cims:stereotype","nc:EnergyConsumer.normalParticipationFactor","uml:attribute","nc:ProportionalEnergyComponent.normalParticipationFactor","""NC"""
"cims:stereotype","nc:EnergyGroup.normalParticipationFactor","uml:attribute","nc:ProportionalEnergyComponent.normalParticipationFactor","""NC"""
"cims:stereotype","nc:HydroPump.normalParticipationFactor","uml:attribute","nc:ProportionalEnergyComponent.normalParticipationFactor","""NC"""
"cims:stereotype","nc:PowerElectronicsUnit.normalParticipationFactor","uml:attribute","nc:ProportionalEnergyComponent.normalParticipationFactor","""NC"""
"cims:stereotype","nc:PowerShiftKeyStrategy.normalParticipationFactor","uml:attribute","nc:ProportionalEnergyComponent.normalParticipationFactor","""NC"""
"cims:multiplicity","nc:EnergyGroup.normalParticipationFactor","cims:M:1..1","nc:ProportionalEnergyComponent.normalParticipationFactor","cims:M:0..1"
"cims:stereotype","nc:EnergyBlockOrder.powerDuration","""NC""","nc:ProportionalEnergyComponent.powerDuration","uml:attribute"
"cims:stereotype","nc:EnergyGroup.powerDuration","""NC""","nc:ProportionalEnergyComponent.powerDuration","uml:attribute"
"cims:stereotype","nc:EnergyBlockOrder.powerDuration","uml:attribute","nc:ProportionalEnergyComponent.powerDuration","""NC"""
"cims:stereotype","nc:EnergyGroup.powerDuration","uml:attribute","nc:ProportionalEnergyComponent.powerDuration","""NC"""
"cims:stereotype","nc:AssessedElementWithContingency.mRID","""NC""","nc:SSSCSimulationSettings.mRID","uml:attribute"
"cims:stereotype","nc:AssessedElementWithRemedialAction.mRID","""NC""","nc:SSSCSimulationSettings.mRID","uml:attribute"
"cims:stereotype","nc:CrossBorderRelevance.mRID","""NC""","nc:SSSCSimulationSettings.mRID","uml:attribute"
"cims:stereotype","nc:CurrentDroopOverride.mRID","""NC""","nc:SSSCSimulationSettings.mRID","uml:attribute"
"cims:stereotype","nc:FrequencyMonitoringTerminal.mRID","""NC""","nc:SSSCSimulationSettings.mRID","uml:attribute"
"cims:stereotype","nc:InfeedTerminal.mRID","""NC""","nc:SSSCSimulationSettings.mRID","uml:attribute"
"cims:stereotype","nc:FaultCause.mRID","""NC""","nc:SSSCSimulationSettings.mRID","uml:attribute"
"cims:stereotype","nc:FaultOutage.mRID","""NC""","nc:SSSCSimulationSettings.mRID","uml:attribute"
"cims:stereotype","nc:OutcomeValue.mRID","""NC""","nc:SSSCSimulationSettings.mRID","uml:attribute"
"cims:stereotype","nc:OwnerRemedialActionAssessment.mRID","""NC""","nc:SSSCSimulationSettings.mRID","uml:attribute"
"cims:stereotype","nc:RemedialActionImpact.mRID","""NC""","nc:SSSCSimulationSettings.mRID","uml:attribute"
"cims:stereotype","nc:Name.mRID","""NC""","nc:SSSCSimulationSettings.mRID","uml:attribute"
"cims:stereotype","nc:NameType.mRID","""NC""","nc:SSSCSimulationSettings.mRID","uml:attribute"
"cims:stereotype","nc:NamingAuthority.mRID","""NC""","nc:SSSCSimulationSettings.mRID","uml:attribute"
"cims:stereotype","nc:ContingencyWithRemedialAction.mRID","""NC""","nc:SSSCSimulationSettings.mRID","uml:attribute"
"cims:stereotype","nc:RemedialActionDependency.mRID","""NC""","nc:SSSCSimulationSettings.mRID","uml:attribute"
"cims:stereotype","nc:ProposingRemedialActionScheduleShare.mRID","""NC""","nc:SSSCSimulationSettings.mRID","uml:attribute"
"cims:stereotype","nc:RemedialActionCost.mRID","""NC""","nc:SSSCSimulationSettings.mRID","uml:attribute"
"cims:stereotype","nc:RemedialActionScheduleAcceptance.mRID","""NC""","nc:SSSCSimulationSettings.mRID","uml:attribute"
"cims:stereotype","nc:RemedialActionScheduleDependency.mRID","""NC""","nc:SSSCSimulationSettings.mRID","uml:attribute"
"cims:stereotype","nc:RemedialActionApplied.mRID","""NC""","nc:SSSCSimulationSettings.mRID","uml:attribute"
"cims:stereotype","nc:HourPeriod.mRID","""NC""","nc:SSSCSimulationSettings.mRID","uml:attribute"
"cims:stereotype","nc:PowerBidDependency.mRID","""NC""","nc:SSSCSimulationSettings.mRID","uml:attribute"
"cims:stereotype","cim:IdentifiedObject.mRID","uml:attribute","nc:SSSCSimulationSettings.mRID","""NC"""
"cims:stereotype","nc:AssessedElementWithContingency.mRID","uml:attribute","nc:SSSCSimulationSettings.mRID","""NC"""
"cims:stereotype","nc:AssessedElementWithRemedialAction.mRID","uml:attribute","nc:SSSCSimulationSettings.mRID","""NC"""
"cims:stereotype","nc:CrossBorderRelevance.mRID","uml:attribute","nc:SSSCSimulationSettings.mRID","""NC"""
"cims:stereotype","nc:CurrentDroopOverride.mRID","uml:attribute","nc:SSSCSimulationSettings.mRID","""NC"""
"cims:stereotype","nc:FrequencyMonitoringTerminal.mRID","uml:attribute","nc:SSSCSimulationSettings.mRID","""NC"""
"cims:stereotype","nc:InfeedTerminal.mRID","uml:attribute","nc:SSSCSimulationSettings.mRID","""NC"""
"cims:stereotype","nc:FaultCause.mRID","uml:attribute","nc:SSSCSimulationSettings.mRID","""NC"""
"cims:stereotype","nc:FaultOutage.mRID","uml:attribute","nc:SSSCSimulationSettings.mRID","""NC"""
"cims:stereotype","nc:OutcomeValue.mRID","uml:attribute","nc:SSSCSimulationSettings.mRID","""NC"""
"cims:stereotype","nc:OwnerRemedialActionAssessment.mRID","uml:attribute","nc:SSSCSimulationSettings.mRID","""NC"""
"cims:stereotype","nc:RemedialActionImpact.mRID","uml:attribute","nc:SSSCSimulationSettings.mRID","""NC"""
"cims:stereotype","nc:AreaBorderTerminal.mRID","uml:attribute","nc:SSSCSimulationSettings.mRID","""NC"""
"cims:stereotype","nc:Name.mRID","uml:attribute","nc:SSSCSimulationSettings.mRID","""NC"""
"cims:stereotype","nc:NameType.mRID","uml:attribute","nc:SSSCSimulationSettings.mRID","""NC"""
"cims:stereotype","nc:NamingAuthority.mRID","uml:attribute","nc:SSSCSimulationSettings.mRID","""NC"""
"cims:stereotype","nc:ContingencyWithRemedialAction.mRID","uml:attribute","nc:SSSCSimulationSettings.mRID","""NC"""
"cims:stereotype","nc:RemedialActionDependency.mRID","uml:attribute","nc:SSSCSimulationSettings.mRID","""NC"""
"cims:stereotype","nc:ProposingRemedialActionScheduleShare.mRID","uml:attribute","nc:SSSCSimulationSettings.mRID","""NC"""
"cims:stereotype","nc:RemedialActionCost.mRID","uml:attribute","nc:SSSCSimulationSettings.mRID","""NC"""
"cims:stereotype","nc:RemedialActionScheduleAcceptance.mRID","uml:attribute","nc:SSSCSimulationSettings.mRID","""NC"""
"cims:stereotype","nc:RemedialActionScheduleDependency.mRID","uml:attribute","nc:SSSCSimulationSettings.mRID","""NC"""
"cims:stereotype","nc:RemedialActionApplied.mRID","uml:attribute","nc:SSSCSimulationSettings.mRID","""NC"""
"cims:stereotype","nc:HourPeriod.mRID","uml:attribute","nc:SSSCSimulationSettings.mRID","""NC"""
"cims:stereotype","nc:PowerBidDependency.mRID","uml:attribute","nc:SSSCSimulationSettings.mRID","""NC"""
"cims:multiplicity","nc:Name.mRID","cims:M:0..1","nc:SSSCSimulationSettings.mRID","cims:M:1..1"
"cims:multiplicity","nc:ProposingRemedialActionScheduleShare.mRID","cims:M:0..1","nc:SSSCSimulationSettings.mRID","cims:M:1..1"
"rdfs:comment","nc:EnergyBlockOrder.normalParticipationFactor","""Normal participation factor.""","nc:SchedulingArea.normalParticipationFactor","""Normal participation factor describing the entity part of the active power provided by a collection of entities (e.g. an active power forecast to a collection of entities is divided to each of the member entity according to the participation factor). Must be a positive value. In the case of a sharing strategy, the distribution is following entities value (V) equals aggregated value (T) divided by sum of participation factors (PF), i.e. V=T/ sum(PF). In the case of priority strategy, the item with the lowest number gets allocated energy first."""
"rdfs:comment","nc:EnergyConsumer.normalParticipationFactor","""Participation factor describing the entity part of the active power provided by a collection of entities (e.g. an active power forecast to a collection of entities is divided to each of the member entity according to the participation factor). Must be a positive value. In the case of a sharing strategy, the distribution is following entities value (V) equals aggregated value (T) divided by sum of participation factors (PF), i.e. V=T/ sum(PF). In the case of priority strategy, the item with the lowest number gets allocated energy first.""","nc:SchedulingArea.normalParticipationFactor","""Normal participation factor describing the entity part of the active power provided by a collection of entities (e.g. an active power forecast to a collection of entities is divided to each of the member entity according to the participation factor). Must be a positive value. In the case of a sharing strategy, the distribution is following entities value (V) equals aggregated value (T) divided by sum of participation factors (PF), i.e. V=T/ sum(PF). In the case of priority strategy, the item with the lowest number gets allocated energy first."""
"rdfs:comment","nc:EnergyGroup.normalParticipationFactor","""Normal participation factor for the power group in relation to scheduling area. Must be a positive value.""","nc:SchedulingArea.normalParticipationFactor","""Normal participation factor describing the entity part of the active power provided by a collection of entities (e.g. an active power forecast to a collection of entities is divided to each of the member entity according to the participation factor). Must be a positive value. In the case of a sharing strategy, the distribution is following entities value (V) equals aggregated value (T) divided by sum of participation factors (PF), i.e. V=T/ sum(PF). In the case of priority strategy, the item with the lowest number gets allocated energy first."""
"rdfs:comment","nc:HydroPump.normalParticipationFactor","""Participation factor describing the entity part of the active power provided by a collection of entities (e.g. an active power forecast to a collection of entities is divided to each of the member entity according to the participation factor). Must be a positive value. In the case of a sharing strategy, the distribution is following entities value (V) equals aggregated value (T) divided by sum of participation factors (PF), i.e. V=T/ sum(PF). In the case of priority strategy, the item with the lowest number gets allocated energy first.""","nc:SchedulingArea.normalParticipationFactor","""Normal participation factor describing the entity part of the active power provided by a collection of entities (e.g. an active power forecast to a collection of entities is divided to each of the member entity according to the participation factor). Must be a positive value. In the case of a sharing strategy, the distribution is following entities value (V) equals aggregated value (T) divided by sum of participation factors (PF), i.e. V=T/ sum(PF). In the case of priority strategy, the item with the lowest number gets allocated energy first."""
"rdfs:comment","nc:PowerElectronicsUnit.normalParticipationFactor","""Participation factor describing the entity part of the active power provided by a collection of entities (e.g. an active power forecast to a collection of entities is divided to each of the member entity according to the participation factor). Must be a positive value. In the case of a sharing strategy, the distribution is following entities value (V) equals aggregated value (T) divided by sum of participation factors (PF), i.e. V=T/ sum(PF). In the case of priority strategy, the item with the lowest number gets allocated energy first.""","nc:SchedulingArea.normalParticipationFactor","""Normal participation factor describing the entity part of the active power provided by a collection of entities (e.g. an active power forecast to a collection of entities is divided to each of the member entity according to the participation factor). Must be a positive value. In the case of a sharing strategy, the distribution is following entities value (V) equals aggregated value (T) divided by sum of participation factors (PF), i.e. V=T/ sum(PF). In the case of priority strategy, the item with the lowest number gets allocated energy first."""
"rdfs:comment","nc:PowerShiftKeyStrategy.normalParticipationFactor","""Normal participation factor describing the entities part of the power shift strategy. Must be a positive value.""","nc:SchedulingArea.normalParticipationFactor","""Normal participation factor describing the entity part of the active power provided by a collection of entities (e.g. an active power forecast to a collection of entities is divided to each of the member entity according to the participation factor). Must be a positive value. In the case of a sharing strategy, the distribution is following entities value (V) equals aggregated value (T) divided by sum of participation factors (PF), i.e. V=T/ sum(PF). In the case of priority strategy, the item with the lowest number gets allocated energy first."""
"rdfs:comment","nc:ProportionalEnergyComponent.normalParticipationFactor","""Normal participation factor.""","nc:SchedulingArea.normalParticipationFactor","""Normal participation factor describing the entity part of the active power provided by a collection of entities (e.g. an active power forecast to a collection of entities is divided to each of the member entity according to the participation factor). Must be a positive value. In the case of a sharing strategy, the distribution is following entities value (V) equals aggregated value (T) divided by sum of participation factors (PF), i.e. V=T/ sum(PF). In the case of priority strategy, the item with the lowest number gets allocated energy first."""
"cims:stereotype","nc:DCPole.normalParticipationFactor","""NC""","nc:SchedulingArea.normalParticipationFactor","uml:attribute"
"cims:stereotype","nc:EnergyBlockOrder.normalParticipationFactor","""NC""","nc:SchedulingArea.normalParticipationFactor","uml:attribute"
"cims:stereotype","nc:EnergyConsumer.normalParticipationFactor","""NC""","nc:SchedulingArea.normalParticipationFactor","uml:attribute"
"cims:stereotype","nc:EnergyGroup.normalParticipationFactor","""NC""","nc:SchedulingArea.normalParticipationFactor","uml:attribute"
"cims:stereotype","nc:HydroPump.normalParticipationFactor","""NC""","nc:SchedulingArea.normalParticipationFactor","uml:attribute"
"cims:stereotype","nc:PowerElectronicsUnit.normalParticipationFactor","""NC""","nc:SchedulingArea.normalParticipationFactor","uml:attribute"
"cims:stereotype","nc:PowerShiftKeyStrategy.normalParticipationFactor","""NC""","nc:SchedulingArea.normalParticipationFactor","uml:attribute"
"cims:stereotype","nc:ProportionalEnergyComponent.normalParticipationFactor","""NC""","nc:SchedulingArea.normalParticipationFactor","uml:attribute"
"cims:stereotype","nc:DCPole.normalParticipationFactor","uml:attribute","nc:SchedulingArea.normalParticipationFactor","""NC"""
"cims:stereotype","nc:EnergyBlockOrder.normalParticipationFactor","uml:attribute","nc:SchedulingArea.normalParticipationFactor","""NC"""
"cims:stereotype","nc:EnergyConsumer.normalParticipationFactor","uml:attribute","nc:SchedulingArea.normalParticipationFactor","""NC"""
"cims:stereotype","nc:EnergyGroup.normalParticipationFactor","uml:attribute","nc:SchedulingArea.normalParticipationFactor","""NC"""
"cims:stereotype","nc:HydroPump.normalParticipationFactor","uml:attribute","nc:SchedulingArea.normalParticipationFactor","""NC"""
"cims:stereotype","nc:PowerElectronicsUnit.normalParticipationFactor","uml:attribute","nc:SchedulingArea.normalParticipationFactor","""NC"""
"cims:stereotype","nc:PowerShiftKeyStrategy.normalParticipationFactor","uml:attribute","nc:SchedulingArea.normalParticipationFactor","""NC"""
"cims:stereotype","nc:ProportionalEnergyComponent.normalParticipationFactor","uml:attribute","nc:SchedulingArea.normalParticipationFactor","""NC"""
"cims:multiplicity","nc:EnergyGroup.normalParticipationFactor","cims:M:1..1","nc:SchedulingArea.normalParticipationFactor","cims:M:0..1"
"rdfs:comment","cim:AsynchronousMachine.nominalFrequency","""Nameplate data indicates if the machine is 50 Hz or 60 Hz.""","nc:SynchronousArea.nominalFrequency","""The nominal frequency for the Synchronous Area, e.g. 50 Hz for Europe."""
"cims:stereotype","cim:AsynchronousMachine.nominalFrequency","uml:attribute","nc:SynchronousArea.nominalFrequency","""NC"""
"cims:multiplicity","cim:AsynchronousMachine.nominalFrequency","cims:M:0..1","nc:SynchronousArea.nominalFrequency","cims:M:1..1"
"cims:stereotype","nc:AssessedElementWithContingency.mRID","""NC""","nc:TCSCCompensationPoint.mRID","uml:attribute"
"cims:stereotype","nc:AssessedElementWithRemedialAction.mRID","""NC""","nc:TCSCCompensationPoint.mRID","uml:attribute"
"cims:stereotype","nc:CrossBorderRelevance.mRID","""NC""","nc:TCSCCompensationPoint.mRID","uml:attribute"
"cims:stereotype","nc:CurrentDroopOverride.mRID","""NC""","nc:TCSCCompensationPoint.mRID","uml:attribute"
"cims:stereotype","nc:FrequencyMonitoringTerminal.mRID","""NC""","nc:TCSCCompensationPoint.mRID","uml:attribute"
"cims:stereotype","nc:InfeedTerminal.mRID","""NC""","nc:TCSCCompensationPoint.mRID","uml:attribute"
"cims:stereotype","nc:SSSCSimulationSettings.mRID","""NC""","nc:TCSCCompensationPoint.mRID","uml:attribute"
"cims:stereotype","nc:FaultCause.mRID","""NC""","nc:TCSCCompensationPoint.mRID","uml:attribute"
"cims:stereotype","nc:FaultOutage.mRID","""NC""","nc:TCSCCompensationPoint.mRID","uml:attribute"
"cims:stereotype","nc:OutcomeValue.mRID","""NC""","nc:TCSCCompensationPoint.mRID","uml:attribute"
"cims:stereotype","nc:OwnerRemedialActionAssessment.mRID","""NC""","nc:TCSCCompensationPoint.mRID","uml:attribute"
"cims:stereotype","nc:RemedialActionImpact.mRID","""NC""","nc:TCSCCompensationPoint.mRID","uml:attribute"
"cims:stereotype","nc:Name.mRID","""NC""","nc:TCSCCompensationPoint.mRID","uml:attribute"
"cims:stereotype","nc:NameType.mRID","""NC""","nc:TCSCCompensationPoint.mRID","uml:attribute"
"cims:stereotype","nc:NamingAuthority.mRID","""NC""","nc:TCSCCompensationPoint.mRID","uml:attribute"
"cims:stereotype","nc:ContingencyWithRemedialAction.mRID","""NC""","nc:TCSCCompensationPoint.mRID","uml:attribute"
"cims:stereotype","nc:RemedialActionDependency.mRID","""NC""","nc:TCSCCompensationPoint.mRID","uml:attribute"
"cims:stereotype","nc:ProposingRemedialActionScheduleShare.mRID","""NC""","nc:TCSCCompensationPoint.mRID","uml:attribute"
"cims:stereotype","nc:RemedialActionCost.mRID","""NC""","nc:TCSCCompensationPoint.mRID","uml:attribute"
"cims:stereotype","nc:RemedialActionScheduleAcceptance.mRID","""NC""","nc:TCSCCompensationPoint.mRID","uml:attribute"
"cims:stereotype","nc:RemedialActionScheduleDependency.mRID","""NC""","nc:TCSCCompensationPoint.mRID","uml:attribute"
"cims:stereotype","nc:RemedialActionApplied.mRID","""NC""","nc:TCSCCompensationPoint.mRID","uml:attribute"
"cims:stereotype","nc:HourPeriod.mRID","""NC""","nc:TCSCCompensationPoint.mRID","uml:attribute"
"cims:stereotype","nc:PowerBidDependency.mRID","""NC""","nc:TCSCCompensationPoint.mRID","uml:attribute"
"cims:stereotype","cim:IdentifiedObject.mRID","uml:attribute","nc:TCSCCompensationPoint.mRID","""NC"""
"cims:stereotype","nc:AssessedElementWithContingency.mRID","uml:attribute","nc:TCSCCompensationPoint.mRID","""NC"""
"cims:stereotype","nc:AssessedElementWithRemedialAction.mRID","uml:attribute","nc:TCSCCompensationPoint.mRID","""NC"""
"cims:stereotype","nc:CrossBorderRelevance.mRID","uml:attribute","nc:TCSCCompensationPoint.mRID","""NC"""
"cims:stereotype","nc:CurrentDroopOverride.mRID","uml:attribute","nc:TCSCCompensationPoint.mRID","""NC"""
"cims:stereotype","nc:FrequencyMonitoringTerminal.mRID","uml:attribute","nc:TCSCCompensationPoint.mRID","""NC"""
"cims:stereotype","nc:InfeedTerminal.mRID","uml:attribute","nc:TCSCCompensationPoint.mRID","""NC"""
"cims:stereotype","nc:SSSCSimulationSettings.mRID","uml:attribute","nc:TCSCCompensationPoint.mRID","""NC"""
"cims:stereotype","nc:FaultCause.mRID","uml:attribute","nc:TCSCCompensationPoint.mRID","""NC"""
"cims:stereotype","nc:FaultOutage.mRID","uml:attribute","nc:TCSCCompensationPoint.mRID","""NC"""
"cims:stereotype","nc:OutcomeValue.mRID","uml:attribute","nc:TCSCCompensationPoint.mRID","""NC"""
"cims:stereotype","nc:OwnerRemedialActionAssessment.mRID","uml:attribute","nc:TCSCCompensationPoint.mRID","""NC"""
"cims:stereotype","nc:RemedialActionImpact.mRID","uml:attribute","nc:TCSCCompensationPoint.mRID","""NC"""
"cims:stereotype","nc:AreaBorderTerminal.mRID","uml:attribute","nc:TCSCCompensationPoint.mRID","""NC"""
"cims:stereotype","nc:Name.mRID","uml:attribute","nc:TCSCCompensationPoint.mRID","""NC"""
"cims:stereotype","nc:NameType.mRID","uml:attribute","nc:TCSCCompensationPoint.mRID","""NC"""
"cims:stereotype","nc:NamingAuthority.mRID","uml:attribute","nc:TCSCCompensationPoint.mRID","""NC"""
"cims:stereotype","nc:ContingencyWithRemedialAction.mRID","uml:attribute","nc:TCSCCompensationPoint.mRID","""NC"""
"cims:stereotype","nc:RemedialActionDependency.mRID","uml:attribute","nc:TCSCCompensationPoint.mRID","""NC"""
"cims:stereotype","nc:ProposingRemedialActionScheduleShare.mRID","uml:attribute","nc:TCSCCompensationPoint.mRID","""NC"""
"cims:stereotype","nc:RemedialActionCost.mRID","uml:attribute","nc:TCSCCompensationPoint.mRID","""NC"""
"cims:stereotype","nc:RemedialActionScheduleAcceptance.mRID","uml:attribute","nc:TCSCCompensationPoint.mRID","""NC"""
"cims:stereotype","nc:RemedialActionScheduleDependency.mRID","uml:attribute","nc:TCSCCompensationPoint.mRID","""NC"""
"cims:stereotype","nc:RemedialActionApplied.mRID","uml:attribute","nc:TCSCCompensationPoint.mRID","""NC"""
"cims:stereotype","nc:HourPeriod.mRID","uml:attribute","nc:TCSCCompensationPoint.mRID","""NC"""
"cims:stereotype","nc:PowerBidDependency.mRID","uml:attribute","nc:TCSCCompensationPoint.mRID","""NC"""
"cims:multiplicity","nc:Name.mRID","cims:M:0..1","nc:TCSCCompensationPoint.mRID","cims:M:1..1"
"cims:multiplicity","nc:ProposingRemedialActionScheduleShare.mRID","cims:M:0..1","nc:TCSCCompensationPoint.mRID","cims:M:1..1"
"rdfs:range","cim:TownDetail.section","xsd:string","nc:TCSCCompensationPoint.section","xsd:integer"
"rdfs:comment","cim:TownDetail.section","""Town section. For example, it is common for there to be 36 sections per township.""","nc:TCSCCompensationPoint.section","""The number of the section."""
"cims:stereotype","cim:TownDetail.section","uml:attribute","nc:TCSCCompensationPoint.section","""NC"""
"cims:multiplicity","cim:TownDetail.section","cims:M:0..1","nc:TCSCCompensationPoint.section","cims:M:1..1"
"rdfs:range","cim:Command.normalValue","xsd:integer","nc:VoltageAngleLimit.normalValue","xsd:float"
"rdfs:comment","nc:RangeConstraint.normalValue","""The normal (initial) value. The meaning of the value is defined by the attribute referenced by the PropertyReference. The value can be integer, float or boolean. In case of boolean 1 equals true and 0 equals false. If the valueKind is incremental or incrementalPercentage, then the value shall be positive (greater than zero). If the valueKind is incrementalPercentage, then the value shall be in the range [0, 100].""","nc:VoltageAngleLimit.normalValue","""The difference in angle degrees between referenced by the association end OperationalLimitSet.Terminal and the Terminal referenced by the association end VoltageAngleLimit.AngleReferenceTerminal. The value shall be positive (greater than zero)."""
"rdfs:comment","cim:ActivePowerLimit.normalValue","""The normal value of active power limit. The attribute shall be a positive value or zero.""","nc:VoltageAngleLimit.normalValue","""The difference in angle degrees between referenced by the association end OperationalLimitSet.Terminal and the Terminal referenced by the association end VoltageAngleLimit.AngleReferenceTerminal. The value shall be positive (greater than zero)."""
"rdfs:comment","cim:ApparentPowerLimit.normalValue","""The normal apparent power limit. The attribute shall be a positive value or zero.""","nc:VoltageAngleLimit.normalValue","""The difference in angle degrees between referenced by the association end OperationalLimitSet.Terminal and the Terminal referenced by the association end VoltageAngleLimit.AngleReferenceTerminal. The value shall be positive (greater than zero)."""
"rdfs:comment","cim:CurrentLimit.normalValue","""The normal value for limit on current flow. The attribute shall be a positive value or zero.""","nc:VoltageAngleLimit.normalValue","""The difference in angle degrees between referenced by the association end OperationalLimitSet.Terminal and the Terminal referenced by the association end VoltageAngleLimit.AngleReferenceTerminal. The value shall be positive (greater than zero)."""
"rdfs:comment","cim:VoltageLimit.normalValue","""The normal limit on voltage. High or low limit nature of the limit depends upon the properties of the operational limit type. The attribute shall be a positive value or zero.""","nc:VoltageAngleLimit.normalValue","""The difference in angle degrees between referenced by the association end OperationalLimitSet.Terminal and the Terminal referenced by the association end VoltageAngleLimit.AngleReferenceTerminal. The value shall be positive (greater than zero)."""
"rdfs:comment","cim:Command.normalValue","""Normal value for Control.value e.g. used for percentage scaling.""","nc:VoltageAngleLimit.normalValue","""The difference in angle degrees between referenced by the association end OperationalLimitSet.Terminal and the Terminal referenced by the association end VoltageAngleLimit.AngleReferenceTerminal. The value shall be positive (greater than zero)."""
"rdfs:comment","cim:SetPoint.normalValue","""Normal value for Control.value e.g. used for percentage scaling.""","nc:VoltageAngleLimit.normalValue","""The difference in angle degrees between referenced by the association end OperationalLimitSet.Terminal and the Terminal referenced by the association end VoltageAngleLimit.AngleReferenceTerminal. The value shall be positive (greater than zero)."""
"cims:stereotype","nc:RangeConstraint.normalValue","""NC""","nc:VoltageAngleLimit.normalValue","uml:attribute"
"cims:stereotype","nc:RangeConstraint.normalValue","uml:attribute","nc:VoltageAngleLimit.normalValue","""NC"""
"cims:stereotype","cim:ActivePowerLimit.normalValue","uml:attribute","nc:VoltageAngleLimit.normalValue","""NC"""
"cims:stereotype","cim:ApparentPowerLimit.normalValue","uml:attribute","nc:VoltageAngleLimit.normalValue","""NC"""
"cims:stereotype","cim:CurrentLimit.normalValue","uml:attribute","nc:VoltageAngleLimit.normalValue","""NC"""
"cims:stereotype","cim:VoltageLimit.normalValue","uml:attribute","nc:VoltageAngleLimit.normalValue","""NC"""
"cims:stereotype","cim:Command.normalValue","uml:attribute","nc:VoltageAngleLimit.normalValue","""NC"""
"cims:stereotype","cim:SetPoint.normalValue","uml:attribute","nc:VoltageAngleLimit.normalValue","""NC"""
"cims:multiplicity","nc:RangeConstraint.normalValue","cims:M:0..1","nc:VoltageAngleLimit.normalValue","cims:M:1..1"
"qudt:hasQuantityKind","cim:ActivePowerLimit.normalValue","cim:ActivePower","nc:VoltageAngleLimit.normalValue","cim:AngleDegrees"
"qudt:hasQuantityKind","cim:ApparentPowerLimit.normalValue","cim:ApparentPower","nc:VoltageAngleLimit.normalValue","cim:AngleDegrees"
"qudt:hasQuantityKind","cim:CurrentLimit.normalValue","cim:CurrentFlow","nc:VoltageAngleLimit.normalValue","cim:AngleDegrees"
"qudt:hasQuantityKind","cim:VoltageLimit.normalValue","cim:Voltage","nc:VoltageAngleLimit.normalValue","cim:AngleDegrees"
"cim:unitMultiplier","cim:ActivePowerLimit.normalValue","cim:UnitMultiplier.M","nc:VoltageAngleLimit.normalValue","cim:UnitMultiplier.none"
"cim:unitMultiplier","cim:ApparentPowerLimit.normalValue","cim:UnitMultiplier.M","nc:VoltageAngleLimit.normalValue","cim:UnitMultiplier.none"
"cim:unitMultiplier","cim:VoltageLimit.normalValue","cim:UnitMultiplier.k","nc:VoltageAngleLimit.normalValue","cim:UnitMultiplier.none"
"cim:unitSymbol","cim:ActivePowerLimit.normalValue","cim:UnitSymbol.W","nc:VoltageAngleLimit.normalValue","cim:UnitSymbol.deg"
"cim:unitSymbol","cim:ApparentPowerLimit.normalValue","cim:UnitSymbol.VA","nc:VoltageAngleLimit.normalValue","cim:UnitSymbol.deg"
"cim:unitSymbol","cim:CurrentLimit.normalValue","cim:UnitSymbol.A","nc:VoltageAngleLimit.normalValue","cim:UnitSymbol.deg"
"cim:unitSymbol","cim:VoltageLimit.normalValue","cim:UnitSymbol.V","nc:VoltageAngleLimit.normalValue","cim:UnitSymbol.deg"
"qudt:hasUnit","cim:ActivePowerLimit.normalValue","unit:MegaW","nc:VoltageAngleLimit.normalValue","unit:DEG"
"qudt:hasUnit","cim:ApparentPowerLimit.normalValue","unit:MegaV- A","nc:VoltageAngleLimit.normalValue","unit:DEG"
"qudt:hasUnit","cim:CurrentLimit.normalValue","unit:A","nc:VoltageAngleLimit.normalValue","unit:DEG"
"qudt:hasUnit","cim:VoltageLimit.normalValue","unit:KiloV","nc:VoltageAngleLimit.normalValue","unit:DEG"
"cims:stereotype","nc:ReactiveCapabilityCurve.referenceVoltage","""NC""","nc:VsCapabilityCurve.referenceVoltage","uml:attribute"
"cims:stereotype","nc:ReactiveCapabilityCurve.referenceVoltage","uml:attribute","nc:VsCapabilityCurve.referenceVoltage","""NC"""
"rdfs:range","cim:DiagramObjectPoint.xPosition","xsd:float","cim:PositionPoint.xPosition","xsd:string"
"rdfs:comment","cim:DiagramObjectPoint.xPosition","""The X coordinate of this point.""","cim:PositionPoint.xPosition","""X axis position."""
"rdfs:range","cim:DiagramObjectPoint.yPosition","xsd:float","cim:PositionPoint.yPosition","xsd:string"
"rdfs:comment","cim:DiagramObjectPoint.yPosition","""The Y coordinate of this point.""","cim:PositionPoint.yPosition","""Y axis position."""
"rdfs:range","cim:DiagramObjectPoint.zPosition","xsd:float","cim:PositionPoint.zPosition","xsd:string"
"rdfs:comment","cim:DiagramObjectPoint.zPosition","""The Z coordinate of this point.""","cim:PositionPoint.zPosition","""(if applicable) Z axis position."""
"rdfs:comment","cim:DiagramObjectPoint.sequenceNumber","""The sequence position of the point, used for defining the order of points for diagram objects acting as a polyline or polygon with more than one point. The attribute shall be a positive value.""","nc:Fault.sequenceNumber","""A chronological serial number indicating the order of the faults related to the grid disturbance. Primary faults have fault ID “1”, and secondary/ latent faults have fault ID “2” or more."""
"rdfs:comment","cim:ACDCTerminal.sequenceNumber","""The orientation of the terminal connections for a multiple terminal conducting equipment. The sequence numbering starts with 1 and additional terminals should follow in increasing order. The first terminal is the ""starting point"" for a two terminal branch.""","nc:Fault.sequenceNumber","""A chronological serial number indicating the order of the faults related to the grid disturbance. Primary faults have fault ID “1”, and secondary/ latent faults have fault ID “2” or more."""
"rdfs:comment","cim:RegularTimePoint.sequenceNumber","""The position of the regular time point in the sequence. Note that time points don't have to be sequential, i.e. time points may be omitted. The actual time for a RegularTimePoint is computed by multiplying the associated regular interval schedule's time step with the regular time point sequence number and adding the associated schedules start time. To specify values for the start time, use sequence number 0. The sequence number cannot be negative.""","nc:Fault.sequenceNumber","""A chronological serial number indicating the order of the faults related to the grid disturbance. Primary faults have fault ID “1”, and secondary/ latent faults have fault ID “2” or more."""
"rdfs:comment","cim:PositionPoint.sequenceNumber","""Zero- relative sequence number of this point within a series of points.""","nc:Fault.sequenceNumber","""A chronological serial number indicating the order of the faults related to the grid disturbance. Primary faults have fault ID “1”, and secondary/ latent faults have fault ID “2” or more."""
"cims:stereotype","cim:DiagramObjectPoint.sequenceNumber","uml:attribute","nc:Fault.sequenceNumber","""NC"""
"cims:stereotype","cim:ACDCTerminal.sequenceNumber","uml:attribute","nc:Fault.sequenceNumber","""NC"""
"cims:stereotype","cim:RegularTimePoint.sequenceNumber","uml:attribute","nc:Fault.sequenceNumber","""NC"""
"cims:stereotype","cim:PositionPoint.sequenceNumber","uml:attribute","nc:Fault.sequenceNumber","""NC"""
"cims:multiplicity","cim:DiagramObjectPoint.sequenceNumber","cims:M:0..1","nc:Fault.sequenceNumber","cims:M:1..1"
"cims:multiplicity","cim:PositionPoint.sequenceNumber","cims:M:0..1","nc:Fault.sequenceNumber","cims:M:1..1"
"cims:stereotype","nc:AssessedElementWithContingency.mRID","""NC""","nc:FaultCause.mRID","uml:attribute"
"cims:stereotype","nc:AssessedElementWithRemedialAction.mRID","""NC""","nc:FaultCause.mRID","uml:attribute"
"cims:stereotype","nc:CrossBorderRelevance.mRID","""NC""","nc:FaultCause.mRID","uml:attribute"
"cims:stereotype","nc:CurrentDroopOverride.mRID","""NC""","nc:FaultCause.mRID","uml:attribute"
"cims:stereotype","nc:ContingencyWithRemedialAction.mRID","""NC""","nc:FaultCause.mRID","uml:attribute"
"cims:stereotype","cim:IdentifiedObject.mRID","uml:attribute","nc:FaultCause.mRID","""NC"""
"cims:stereotype","nc:AssessedElementWithContingency.mRID","uml:attribute","nc:FaultCause.mRID","""NC"""
"cims:stereotype","nc:AssessedElementWithRemedialAction.mRID","uml:attribute","nc:FaultCause.mRID","""NC"""
"cims:stereotype","nc:CrossBorderRelevance.mRID","uml:attribute","nc:FaultCause.mRID","""NC"""
"cims:stereotype","nc:CurrentDroopOverride.mRID","uml:attribute","nc:FaultCause.mRID","""NC"""
"cims:stereotype","nc:AreaBorderTerminal.mRID","uml:attribute","nc:FaultCause.mRID","""NC"""
"cims:stereotype","nc:ContingencyWithRemedialAction.mRID","uml:attribute","nc:FaultCause.mRID","""NC"""
"cims:stereotype","nc:AssessedElementWithContingency.mRID","""NC""","nc:FaultOutage.mRID","uml:attribute"
"cims:stereotype","nc:AssessedElementWithRemedialAction.mRID","""NC""","nc:FaultOutage.mRID","uml:attribute"
"cims:stereotype","nc:CrossBorderRelevance.mRID","""NC""","nc:FaultOutage.mRID","uml:attribute"
"cims:stereotype","nc:CurrentDroopOverride.mRID","""NC""","nc:FaultOutage.mRID","uml:attribute"
"cims:stereotype","nc:FaultCause.mRID","""NC""","nc:FaultOutage.mRID","uml:attribute"
"cims:stereotype","nc:ContingencyWithRemedialAction.mRID","""NC""","nc:FaultOutage.mRID","uml:attribute"
"cims:stereotype","cim:IdentifiedObject.mRID","uml:attribute","nc:FaultOutage.mRID","""NC"""
"cims:stereotype","nc:AssessedElementWithContingency.mRID","uml:attribute","nc:FaultOutage.mRID","""NC"""
"cims:stereotype","nc:AssessedElementWithRemedialAction.mRID","uml:attribute","nc:FaultOutage.mRID","""NC"""
"cims:stereotype","nc:CrossBorderRelevance.mRID","uml:attribute","nc:FaultOutage.mRID","""NC"""
"cims:stereotype","nc:CurrentDroopOverride.mRID","uml:attribute","nc:FaultOutage.mRID","""NC"""
"cims:stereotype","nc:FaultCause.mRID","uml:attribute","nc:FaultOutage.mRID","""NC"""
"cims:stereotype","nc:AreaBorderTerminal.mRID","uml:attribute","nc:FaultOutage.mRID","""NC"""
"cims:stereotype","nc:ContingencyWithRemedialAction.mRID","uml:attribute","nc:FaultOutage.mRID","""NC"""
"rdfs:comment","nc:GateInputPin.duration","""The time duration for which the condition is satisfied before acting. Default is 0 seconds.""","nc:Interruption.duration","""The duration of the interruption."""
"rdfs:comment","nc:Fault.duration","""The duration of the fault.""","nc:Interruption.duration","""The duration of the interruption."""
"cims:stereotype","nc:GateInputPin.duration","""NC""","nc:Interruption.duration","uml:attribute"
"cims:stereotype","nc:Fault.duration","""NC""","nc:Interruption.duration","uml:attribute"
"cims:stereotype","nc:GateInputPin.duration","uml:attribute","nc:Interruption.duration","""NC"""
"cims:stereotype","nc:Fault.duration","uml:attribute","nc:Interruption.duration","""NC"""
"cims:multiplicity","nc:GateInputPin.duration","cims:M:0..1","nc:Interruption.duration","cims:M:1..1"
"rdfs:comment","nc:GateInputPin.duration","""The time duration for which the condition is satisfied before acting. Default is 0 seconds.""","nc:UnplannedOutage.duration","""The duration of the unplanned outage."""
"rdfs:comment","nc:Fault.duration","""The duration of the fault.""","nc:UnplannedOutage.duration","""The duration of the unplanned outage."""
"rdfs:comment","nc:Interruption.duration","""The duration of the interruption.""","nc:UnplannedOutage.duration","""The duration of the unplanned outage."""
"cims:stereotype","nc:GateInputPin.duration","""NC""","nc:UnplannedOutage.duration","uml:attribute"
"cims:stereotype","nc:Fault.duration","""NC""","nc:UnplannedOutage.duration","uml:attribute"
"cims:stereotype","nc:Interruption.duration","""NC""","nc:UnplannedOutage.duration","uml:attribute"
"cims:stereotype","nc:GateInputPin.duration","uml:attribute","nc:UnplannedOutage.duration","""NC"""
"cims:stereotype","nc:Fault.duration","uml:attribute","nc:UnplannedOutage.duration","""NC"""
"cims:stereotype","nc:Interruption.duration","uml:attribute","nc:UnplannedOutage.duration","""NC"""
"cims:multiplicity","nc:GateInputPin.duration","cims:M:0..1","nc:UnplannedOutage.duration","cims:M:1..1"
"rdfs:comment","nc:Interruption.startDateTime","""The date and time at which the interruption occurred.""","nc:UnplannedOutage.startDateTime","""The date and time at which the unplanned outage occurred."""
"cims:stereotype","nc:Interruption.startDateTime","""NC""","nc:UnplannedOutage.startDateTime","uml:attribute"
"cims:stereotype","nc:Interruption.startDateTime","uml:attribute","nc:UnplannedOutage.startDateTime","""NC"""
"cims:multiplicity","nc:Interruption.startDateTime","cims:M:1..1","nc:UnplannedOutage.startDateTime","cims:M:0..1"
"cims:stereotype","nc:AssessedElementWithContingency.mRID","""NC""","nc:OutcomeValue.mRID","uml:attribute"
"cims:stereotype","nc:AssessedElementWithRemedialAction.mRID","""NC""","nc:OutcomeValue.mRID","uml:attribute"
"cims:stereotype","nc:CrossBorderRelevance.mRID","""NC""","nc:OutcomeValue.mRID","uml:attribute"
"cims:stereotype","nc:CurrentDroopOverride.mRID","""NC""","nc:OutcomeValue.mRID","uml:attribute"
"cims:stereotype","nc:FrequencyMonitoringTerminal.mRID","""NC""","nc:OutcomeValue.mRID","uml:attribute"
"cims:stereotype","nc:InfeedTerminal.mRID","""NC""","nc:OutcomeValue.mRID","uml:attribute"
"cims:stereotype","nc:FaultCause.mRID","""NC""","nc:OutcomeValue.mRID","uml:attribute"
"cims:stereotype","nc:FaultOutage.mRID","""NC""","nc:OutcomeValue.mRID","uml:attribute"
"cims:stereotype","nc:Name.mRID","""NC""","nc:OutcomeValue.mRID","uml:attribute"
"cims:stereotype","nc:NameType.mRID","""NC""","nc:OutcomeValue.mRID","uml:attribute"
"cims:stereotype","nc:NamingAuthority.mRID","""NC""","nc:OutcomeValue.mRID","uml:attribute"
"cims:stereotype","nc:ContingencyWithRemedialAction.mRID","""NC""","nc:OutcomeValue.mRID","uml:attribute"
"cims:stereotype","nc:HourPeriod.mRID","""NC""","nc:OutcomeValue.mRID","uml:attribute"
"cims:stereotype","cim:IdentifiedObject.mRID","uml:attribute","nc:OutcomeValue.mRID","""NC"""
"cims:stereotype","nc:AssessedElementWithContingency.mRID","uml:attribute","nc:OutcomeValue.mRID","""NC"""
"cims:stereotype","nc:AssessedElementWithRemedialAction.mRID","uml:attribute","nc:OutcomeValue.mRID","""NC"""
"cims:stereotype","nc:CrossBorderRelevance.mRID","uml:attribute","nc:OutcomeValue.mRID","""NC"""
"cims:stereotype","nc:CurrentDroopOverride.mRID","uml:attribute","nc:OutcomeValue.mRID","""NC"""
"cims:stereotype","nc:FrequencyMonitoringTerminal.mRID","uml:attribute","nc:OutcomeValue.mRID","""NC"""
"cims:stereotype","nc:InfeedTerminal.mRID","uml:attribute","nc:OutcomeValue.mRID","""NC"""
"cims:stereotype","nc:FaultCause.mRID","uml:attribute","nc:OutcomeValue.mRID","""NC"""
"cims:stereotype","nc:FaultOutage.mRID","uml:attribute","nc:OutcomeValue.mRID","""NC"""
"cims:stereotype","nc:AreaBorderTerminal.mRID","uml:attribute","nc:OutcomeValue.mRID","""NC"""
"cims:stereotype","nc:Name.mRID","uml:attribute","nc:OutcomeValue.mRID","""NC"""
"cims:stereotype","nc:NameType.mRID","uml:attribute","nc:OutcomeValue.mRID","""NC"""
"cims:stereotype","nc:NamingAuthority.mRID","uml:attribute","nc:OutcomeValue.mRID","""NC"""
"cims:stereotype","nc:ContingencyWithRemedialAction.mRID","uml:attribute","nc:OutcomeValue.mRID","""NC"""
"cims:stereotype","nc:HourPeriod.mRID","uml:attribute","nc:OutcomeValue.mRID","""NC"""
"cims:multiplicity","nc:Name.mRID","cims:M:0..1","nc:OutcomeValue.mRID","cims:M:1..1"
"cims:stereotype","nc:AssessedElementWithContingency.mRID","""NC""","nc:OwnerRemedialActionAssessment.mRID","uml:attribute"
"cims:stereotype","nc:AssessedElementWithRemedialAction.mRID","""NC""","nc:OwnerRemedialActionAssessment.mRID","uml:attribute"
"cims:stereotype","nc:CrossBorderRelevance.mRID","""NC""","nc:OwnerRemedialActionAssessment.mRID","uml:attribute"
"cims:stereotype","nc:CurrentDroopOverride.mRID","""NC""","nc:OwnerRemedialActionAssessment.mRID","uml:attribute"
"cims:stereotype","nc:FrequencyMonitoringTerminal.mRID","""NC""","nc:OwnerRemedialActionAssessment.mRID","uml:attribute"
"cims:stereotype","nc:InfeedTerminal.mRID","""NC""","nc:OwnerRemedialActionAssessment.mRID","uml:attribute"
"cims:stereotype","nc:FaultCause.mRID","""NC""","nc:OwnerRemedialActionAssessment.mRID","uml:attribute"
"cims:stereotype","nc:FaultOutage.mRID","""NC""","nc:OwnerRemedialActionAssessment.mRID","uml:attribute"
"cims:stereotype","nc:OutcomeValue.mRID","""NC""","nc:OwnerRemedialActionAssessment.mRID","uml:attribute"
"cims:stereotype","nc:Name.mRID","""NC""","nc:OwnerRemedialActionAssessment.mRID","uml:attribute"
"cims:stereotype","nc:NameType.mRID","""NC""","nc:OwnerRemedialActionAssessment.mRID","uml:attribute"
"cims:stereotype","nc:NamingAuthority.mRID","""NC""","nc:OwnerRemedialActionAssessment.mRID","uml:attribute"
"cims:stereotype","nc:ContingencyWithRemedialAction.mRID","""NC""","nc:OwnerRemedialActionAssessment.mRID","uml:attribute"
"cims:stereotype","nc:HourPeriod.mRID","""NC""","nc:OwnerRemedialActionAssessment.mRID","uml:attribute"
"cims:stereotype","cim:IdentifiedObject.mRID","uml:attribute","nc:OwnerRemedialActionAssessment.mRID","""NC"""
"cims:stereotype","nc:AssessedElementWithContingency.mRID","uml:attribute","nc:OwnerRemedialActionAssessment.mRID","""NC"""
"cims:stereotype","nc:AssessedElementWithRemedialAction.mRID","uml:attribute","nc:OwnerRemedialActionAssessment.mRID","""NC"""
"cims:stereotype","nc:CrossBorderRelevance.mRID","uml:attribute","nc:OwnerRemedialActionAssessment.mRID","""NC"""
"cims:stereotype","nc:CurrentDroopOverride.mRID","uml:attribute","nc:OwnerRemedialActionAssessment.mRID","""NC"""
"cims:stereotype","nc:FrequencyMonitoringTerminal.mRID","uml:attribute","nc:OwnerRemedialActionAssessment.mRID","""NC"""
"cims:stereotype","nc:InfeedTerminal.mRID","uml:attribute","nc:OwnerRemedialActionAssessment.mRID","""NC"""
"cims:stereotype","nc:FaultCause.mRID","uml:attribute","nc:OwnerRemedialActionAssessment.mRID","""NC"""
"cims:stereotype","nc:FaultOutage.mRID","uml:attribute","nc:OwnerRemedialActionAssessment.mRID","""NC"""
"cims:stereotype","nc:OutcomeValue.mRID","uml:attribute","nc:OwnerRemedialActionAssessment.mRID","""NC"""
"cims:stereotype","nc:AreaBorderTerminal.mRID","uml:attribute","nc:OwnerRemedialActionAssessment.mRID","""NC"""
"cims:stereotype","nc:Name.mRID","uml:attribute","nc:OwnerRemedialActionAssessment.mRID","""NC"""
"cims:stereotype","nc:NameType.mRID","uml:attribute","nc:OwnerRemedialActionAssessment.mRID","""NC"""
"cims:stereotype","nc:NamingAuthority.mRID","uml:attribute","nc:OwnerRemedialActionAssessment.mRID","""NC"""
"cims:stereotype","nc:ContingencyWithRemedialAction.mRID","uml:attribute","nc:OwnerRemedialActionAssessment.mRID","""NC"""
"cims:stereotype","nc:HourPeriod.mRID","uml:attribute","nc:OwnerRemedialActionAssessment.mRID","""NC"""
"cims:multiplicity","nc:Name.mRID","cims:M:0..1","nc:OwnerRemedialActionAssessment.mRID","cims:M:1..1"
"cims:stereotype","nc:AssessedElementWithContingency.mRID","""NC""","nc:RemedialActionImpact.mRID","uml:attribute"
"cims:stereotype","nc:AssessedElementWithRemedialAction.mRID","""NC""","nc:RemedialActionImpact.mRID","uml:attribute"
"cims:stereotype","nc:CrossBorderRelevance.mRID","""NC""","nc:RemedialActionImpact.mRID","uml:attribute"
"cims:stereotype","nc:CurrentDroopOverride.mRID","""NC""","nc:RemedialActionImpact.mRID","uml:attribute"
"cims:stereotype","nc:FrequencyMonitoringTerminal.mRID","""NC""","nc:RemedialActionImpact.mRID","uml:attribute"
"cims:stereotype","nc:InfeedTerminal.mRID","""NC""","nc:RemedialActionImpact.mRID","uml:attribute"
"cims:stereotype","nc:FaultCause.mRID","""NC""","nc:RemedialActionImpact.mRID","uml:attribute"
"cims:stereotype","nc:FaultOutage.mRID","""NC""","nc:RemedialActionImpact.mRID","uml:attribute"
"cims:stereotype","nc:OutcomeValue.mRID","""NC""","nc:RemedialActionImpact.mRID","uml:attribute"
"cims:stereotype","nc:OwnerRemedialActionAssessment.mRID","""NC""","nc:RemedialActionImpact.mRID","uml:attribute"
"cims:stereotype","nc:Name.mRID","""NC""","nc:RemedialActionImpact.mRID","uml:attribute"
"cims:stereotype","nc:NameType.mRID","""NC""","nc:RemedialActionImpact.mRID","uml:attribute"
"cims:stereotype","nc:NamingAuthority.mRID","""NC""","nc:RemedialActionImpact.mRID","uml:attribute"
"cims:stereotype","nc:ContingencyWithRemedialAction.mRID","""NC""","nc:RemedialActionImpact.mRID","uml:attribute"
"cims:stereotype","nc:RemedialActionDependency.mRID","""NC""","nc:RemedialActionImpact.mRID","uml:attribute"
"cims:stereotype","nc:ProposingRemedialActionScheduleShare.mRID","""NC""","nc:RemedialActionImpact.mRID","uml:attribute"
"cims:stereotype","nc:RemedialActionCost.mRID","""NC""","nc:RemedialActionImpact.mRID","uml:attribute"
"cims:stereotype","nc:RemedialActionApplied.mRID","""NC""","nc:RemedialActionImpact.mRID","uml:attribute"
"cims:stereotype","nc:HourPeriod.mRID","""NC""","nc:RemedialActionImpact.mRID","uml:attribute"
"cims:stereotype","nc:PowerBidDependency.mRID","""NC""","nc:RemedialActionImpact.mRID","uml:attribute"
"cims:stereotype","cim:IdentifiedObject.mRID","uml:attribute","nc:RemedialActionImpact.mRID","""NC"""
"cims:stereotype","nc:AssessedElementWithContingency.mRID","uml:attribute","nc:RemedialActionImpact.mRID","""NC"""
"cims:stereotype","nc:AssessedElementWithRemedialAction.mRID","uml:attribute","nc:RemedialActionImpact.mRID","""NC"""
"cims:stereotype","nc:CrossBorderRelevance.mRID","uml:attribute","nc:RemedialActionImpact.mRID","""NC"""
"cims:stereotype","nc:CurrentDroopOverride.mRID","uml:attribute","nc:RemedialActionImpact.mRID","""NC"""
"cims:stereotype","nc:FrequencyMonitoringTerminal.mRID","uml:attribute","nc:RemedialActionImpact.mRID","""NC"""
"cims:stereotype","nc:InfeedTerminal.mRID","uml:attribute","nc:RemedialActionImpact.mRID","""NC"""
"cims:stereotype","nc:FaultCause.mRID","uml:attribute","nc:RemedialActionImpact.mRID","""NC"""
"cims:stereotype","nc:FaultOutage.mRID","uml:attribute","nc:RemedialActionImpact.mRID","""NC"""
"cims:stereotype","nc:OutcomeValue.mRID","uml:attribute","nc:RemedialActionImpact.mRID","""NC"""
"cims:stereotype","nc:OwnerRemedialActionAssessment.mRID","uml:attribute","nc:RemedialActionImpact.mRID","""NC"""
"cims:stereotype","nc:AreaBorderTerminal.mRID","uml:attribute","nc:RemedialActionImpact.mRID","""NC"""
"cims:stereotype","nc:Name.mRID","uml:attribute","nc:RemedialActionImpact.mRID","""NC"""
"cims:stereotype","nc:NameType.mRID","uml:attribute","nc:RemedialActionImpact.mRID","""NC"""
"cims:stereotype","nc:NamingAuthority.mRID","uml:attribute","nc:RemedialActionImpact.mRID","""NC"""
"cims:stereotype","nc:ContingencyWithRemedialAction.mRID","uml:attribute","nc:RemedialActionImpact.mRID","""NC"""
"cims:stereotype","nc:RemedialActionDependency.mRID","uml:attribute","nc:RemedialActionImpact.mRID","""NC"""
"cims:stereotype","nc:ProposingRemedialActionScheduleShare.mRID","uml:attribute","nc:RemedialActionImpact.mRID","""NC"""
"cims:stereotype","nc:RemedialActionCost.mRID","uml:attribute","nc:RemedialActionImpact.mRID","""NC"""
"cims:stereotype","nc:RemedialActionApplied.mRID","uml:attribute","nc:RemedialActionImpact.mRID","""NC"""
"cims:stereotype","nc:HourPeriod.mRID","uml:attribute","nc:RemedialActionImpact.mRID","""NC"""
"cims:stereotype","nc:PowerBidDependency.mRID","uml:attribute","nc:RemedialActionImpact.mRID","""NC"""
"cims:multiplicity","nc:Name.mRID","cims:M:0..1","nc:RemedialActionImpact.mRID","cims:M:1..1"
"cims:multiplicity","nc:ProposingRemedialActionScheduleShare.mRID","cims:M:0..1","nc:RemedialActionImpact.mRID","cims:M:1..1"
"cims:stereotype","nc:RemedialActionImpact.impactQuantity","""NC""","nc:RemedialActionOutcomeValue.impactQuantity","uml:attribute"
"cims:stereotype","nc:RemedialActionImpact.impactQuantity","uml:attribute","nc:RemedialActionOutcomeValue.impactQuantity","""NC"""
"rdfs:comment","cim:IdentifiedObject.name","""The name is any free human readable and possibly non unique text naming the object.""","cim:Name.name","""Any free text that used as a name or alternative identifier of the object."""
"cims:multiplicity","cim:IdentifiedObject.name","cims:M:0..1","cim:Name.name","cims:M:1..1"
"rdfs:comment","md:Model.description","""A description of the model, e.g. the name of person that created the model and for what purpose. The number of UTF 8 characters is limited to 2000.""","cim:NameType.description","""Description of the name type."""
"rdfs:comment","md:Model.description","""A description of the model, e.g. the name of person that created the model and for what purpose. The number of UTF- 8 characters is limited to 2000.""","cim:NameType.description","""Description of the name type."""
"rdfs:comment","cim:IdentifiedObject.description","""The description is a free human readable text describing or naming the object. It may be non unique and may not correlate to a naming hierarchy.""","cim:NameType.description","""Description of the name type."""
"rdfs:comment","dct:PowerSystemProjectGroup.description","""A free- text account of the resource. Description may include but is not limited to:an abstract, a table of contents, a graphical representation, or a free- text account of the resource.""","cim:NameType.description","""Description of the name type."""
"rdfs:comment","dct:Resource.description","""A free- text account of the resource. Description may include but is not limited to:an abstract, a table of contents, a graphical representation, or a free- text account of the resource.""","cim:NameType.description","""Description of the name type."""
"cims:stereotype","md:Model.description","""md""","cim:NameType.description","uml:attribute"
"cims:stereotype","dct:PowerSystemProjectGroup.description","""dcterms""","cim:NameType.description","uml:attribute"
"cims:stereotype","dct:Resource.description","""dcterms""","cim:NameType.description","uml:attribute"
"cims:multiplicity","md:Model.description","cims:M:1..1","cim:NameType.description","cims:M:0..1"
"rdfs:comment","cim:IdentifiedObject.name","""The name is any free human readable and possibly non unique text naming the object.""","cim:NameType.name","""Name of the name type."""
"rdfs:comment","cim:Name.name","""Any free text that used as a name or alternative identifier of the object.""","cim:NameType.name","""Name of the name type."""
"cims:multiplicity","cim:IdentifiedObject.name","cims:M:0..1","cim:NameType.name","cims:M:1..1"
"rdfs:comment","cim:StreetAddress.language","""The language in which the address is specified, using ISO 639- 1 two digit language code.""","nc:Name.language","""Shall be specified as an IETF BCP 47 language tag (e.g. en- US). Applies to the Name.name attribute. IETF language tags combine subtags from other standards such as ISO 639, ISO 15924, ISO 3166- 1, and UN M.49. The tag structure has been standardized by the IETF in Best Current Practice (BCP) 47; the subtags are maintained by the IANA Language Subtag Registry."""
"cims:stereotype","cim:StreetAddress.language","uml:attribute","nc:Name.language","""NC"""
"cims:stereotype","nc:AssessedElementWithContingency.mRID","""NC""","nc:Name.mRID","uml:attribute"
"cims:stereotype","nc:AssessedElementWithRemedialAction.mRID","""NC""","nc:Name.mRID","uml:attribute"
"cims:stereotype","nc:CrossBorderRelevance.mRID","""NC""","nc:Name.mRID","uml:attribute"
"cims:stereotype","nc:CurrentDroopOverride.mRID","""NC""","nc:Name.mRID","uml:attribute"
"cims:stereotype","nc:FrequencyMonitoringTerminal.mRID","""NC""","nc:Name.mRID","uml:attribute"
"cims:stereotype","nc:InfeedTerminal.mRID","""NC""","nc:Name.mRID","uml:attribute"
"cims:stereotype","nc:FaultCause.mRID","""NC""","nc:Name.mRID","uml:attribute"
"cims:stereotype","nc:FaultOutage.mRID","""NC""","nc:Name.mRID","uml:attribute"
"cims:stereotype","nc:ContingencyWithRemedialAction.mRID","""NC""","nc:Name.mRID","uml:attribute"
"cims:stereotype","nc:HourPeriod.mRID","""NC""","nc:Name.mRID","uml:attribute"
"cims:stereotype","cim:IdentifiedObject.mRID","uml:attribute","nc:Name.mRID","""NC"""
"cims:stereotype","nc:AssessedElementWithContingency.mRID","uml:attribute","nc:Name.mRID","""NC"""
"cims:stereotype","nc:AssessedElementWithRemedialAction.mRID","uml:attribute","nc:Name.mRID","""NC"""
"cims:stereotype","nc:CrossBorderRelevance.mRID","uml:attribute","nc:Name.mRID","""NC"""
"cims:stereotype","nc:CurrentDroopOverride.mRID","uml:attribute","nc:Name.mRID","""NC"""
"cims:stereotype","nc:FrequencyMonitoringTerminal.mRID","uml:attribute","nc:Name.mRID","""NC"""
"cims:stereotype","nc:InfeedTerminal.mRID","uml:attribute","nc:Name.mRID","""NC"""
"cims:stereotype","nc:FaultCause.mRID","uml:attribute","nc:Name.mRID","""NC"""
"cims:stereotype","nc:FaultOutage.mRID","uml:attribute","nc:Name.mRID","""NC"""
"cims:stereotype","nc:AreaBorderTerminal.mRID","uml:attribute","nc:Name.mRID","""NC"""
"cims:stereotype","nc:ContingencyWithRemedialAction.mRID","uml:attribute","nc:Name.mRID","""NC"""
"cims:stereotype","nc:HourPeriod.mRID","uml:attribute","nc:Name.mRID","""NC"""
"cims:multiplicity","cim:IdentifiedObject.mRID","cims:M:1..1","nc:Name.mRID","cims:M:0..1"
"cims:multiplicity","nc:AssessedElementWithContingency.mRID","cims:M:1..1","nc:Name.mRID","cims:M:0..1"
"cims:multiplicity","nc:AssessedElementWithRemedialAction.mRID","cims:M:1..1","nc:Name.mRID","cims:M:0..1"
"cims:multiplicity","nc:CrossBorderRelevance.mRID","cims:M:1..1","nc:Name.mRID","cims:M:0..1"
"cims:multiplicity","nc:CurrentDroopOverride.mRID","cims:M:1..1","nc:Name.mRID","cims:M:0..1"
"cims:multiplicity","nc:FrequencyMonitoringTerminal.mRID","cims:M:1..1","nc:Name.mRID","cims:M:0..1"
"cims:multiplicity","nc:InfeedTerminal.mRID","cims:M:1..1","nc:Name.mRID","cims:M:0..1"
"cims:multiplicity","nc:FaultCause.mRID","cims:M:1..1","nc:Name.mRID","cims:M:0..1"
"cims:multiplicity","nc:FaultOutage.mRID","cims:M:1..1","nc:Name.mRID","cims:M:0..1"
"cims:multiplicity","nc:AreaBorderTerminal.mRID","cims:M:1..1","nc:Name.mRID","cims:M:0..1"
"cims:multiplicity","nc:ContingencyWithRemedialAction.mRID","cims:M:1..1","nc:Name.mRID","cims:M:0..1"
"cims:multiplicity","nc:HourPeriod.mRID","cims:M:1..1","nc:Name.mRID","cims:M:0..1"
"cims:stereotype","nc:AssessedElementWithContingency.mRID","""NC""","nc:NameType.mRID","uml:attribute"
"cims:stereotype","nc:AssessedElementWithRemedialAction.mRID","""NC""","nc:NameType.mRID","uml:attribute"
"cims:stereotype","nc:CrossBorderRelevance.mRID","""NC""","nc:NameType.mRID","uml:attribute"
"cims:stereotype","nc:CurrentDroopOverride.mRID","""NC""","nc:NameType.mRID","uml:attribute"
"cims:stereotype","nc:FrequencyMonitoringTerminal.mRID","""NC""","nc:NameType.mRID","uml:attribute"
"cims:stereotype","nc:InfeedTerminal.mRID","""NC""","nc:NameType.mRID","uml:attribute"
"cims:stereotype","nc:FaultCause.mRID","""NC""","nc:NameType.mRID","uml:attribute"
"cims:stereotype","nc:FaultOutage.mRID","""NC""","nc:NameType.mRID","uml:attribute"
"cims:stereotype","nc:Name.mRID","""NC""","nc:NameType.mRID","uml:attribute"
"cims:stereotype","nc:ContingencyWithRemedialAction.mRID","""NC""","nc:NameType.mRID","uml:attribute"
"cims:stereotype","nc:HourPeriod.mRID","""NC""","nc:NameType.mRID","uml:attribute"
"cims:stereotype","cim:IdentifiedObject.mRID","uml:attribute","nc:NameType.mRID","""NC"""
"cims:stereotype","nc:AssessedElementWithContingency.mRID","uml:attribute","nc:NameType.mRID","""NC"""
"cims:stereotype","nc:AssessedElementWithRemedialAction.mRID","uml:attribute","nc:NameType.mRID","""NC"""
"cims:stereotype","nc:CrossBorderRelevance.mRID","uml:attribute","nc:NameType.mRID","""NC"""
"cims:stereotype","nc:CurrentDroopOverride.mRID","uml:attribute","nc:NameType.mRID","""NC"""
"cims:stereotype","nc:FrequencyMonitoringTerminal.mRID","uml:attribute","nc:NameType.mRID","""NC"""
"cims:stereotype","nc:InfeedTerminal.mRID","uml:attribute","nc:NameType.mRID","""NC"""
"cims:stereotype","nc:FaultCause.mRID","uml:attribute","nc:NameType.mRID","""NC"""
"cims:stereotype","nc:FaultOutage.mRID","uml:attribute","nc:NameType.mRID","""NC"""
"cims:stereotype","nc:AreaBorderTerminal.mRID","uml:attribute","nc:NameType.mRID","""NC"""
"cims:stereotype","nc:Name.mRID","uml:attribute","nc:NameType.mRID","""NC"""
"cims:stereotype","nc:ContingencyWithRemedialAction.mRID","uml:attribute","nc:NameType.mRID","""NC"""
"cims:stereotype","nc:HourPeriod.mRID","uml:attribute","nc:NameType.mRID","""NC"""
"cims:multiplicity","nc:Name.mRID","cims:M:0..1","nc:NameType.mRID","cims:M:1..1"
"rdfs:comment","md:Model.description","""A description of the model, e.g. the name of person that created the model and for what purpose. The number of UTF 8 characters is limited to 2000.""","nc:NamingAuthority.description","""Description of the name authority."""
"rdfs:comment","md:Model.description","""A description of the model, e.g. the name of person that created the model and for what purpose. The number of UTF- 8 characters is limited to 2000.""","nc:NamingAuthority.description","""Description of the name authority."""
"rdfs:comment","cim:IdentifiedObject.description","""The description is a free human readable text describing or naming the object. It may be non unique and may not correlate to a naming hierarchy.""","nc:NamingAuthority.description","""Description of the name authority."""
"rdfs:comment","cim:NameType.description","""Description of the name type.""","nc:NamingAuthority.description","""Description of the name authority."""
"rdfs:comment","dct:PowerSystemProjectGroup.description","""A free- text account of the resource. Description may include but is not limited to:an abstract, a table of contents, a graphical representation, or a free- text account of the resource.""","nc:NamingAuthority.description","""Description of the name authority."""
"rdfs:comment","dct:Resource.description","""A free- text account of the resource. Description may include but is not limited to:an abstract, a table of contents, a graphical representation, or a free- text account of the resource.""","nc:NamingAuthority.description","""Description of the name authority."""
"cims:stereotype","md:Model.description","""md""","nc:NamingAuthority.description","uml:attribute"
"cims:stereotype","dct:PowerSystemProjectGroup.description","""dcterms""","nc:NamingAuthority.description","uml:attribute"
"cims:stereotype","dct:Resource.description","""dcterms""","nc:NamingAuthority.description","uml:attribute"
"cims:stereotype","md:Model.description","""md""","nc:NamingAuthority.description","""NC"""
"cims:stereotype","md:Model.description","uml:attribute","nc:NamingAuthority.description","""NC"""
"cims:stereotype","cim:IdentifiedObject.description","uml:attribute","nc:NamingAuthority.description","""NC"""
"cims:stereotype","cim:NameType.description","uml:attribute","nc:NamingAuthority.description","""NC"""
"cims:stereotype","dct:PowerSystemProjectGroup.description","uml:attribute","nc:NamingAuthority.description","""NC"""
"cims:stereotype","dct:PowerSystemProjectGroup.description","""dcterms""","nc:NamingAuthority.description","""NC"""
"cims:stereotype","dct:Resource.description","uml:attribute","nc:NamingAuthority.description","""NC"""
"cims:stereotype","dct:Resource.description","""dcterms""","nc:NamingAuthority.description","""NC"""
"cims:multiplicity","md:Model.description","cims:M:1..1","nc:NamingAuthority.description","cims:M:0..1"
"cims:stereotype","nc:AssessedElementWithContingency.mRID","""NC""","nc:NamingAuthority.mRID","uml:attribute"
"cims:stereotype","nc:AssessedElementWithRemedialAction.mRID","""NC""","nc:NamingAuthority.mRID","uml:attribute"
"cims:stereotype","nc:CrossBorderRelevance.mRID","""NC""","nc:NamingAuthority.mRID","uml:attribute"
"cims:stereotype","nc:CurrentDroopOverride.mRID","""NC""","nc:NamingAuthority.mRID","uml:attribute"
"cims:stereotype","nc:FrequencyMonitoringTerminal.mRID","""NC""","nc:NamingAuthority.mRID","uml:attribute"
"cims:stereotype","nc:InfeedTerminal.mRID","""NC""","nc:NamingAuthority.mRID","uml:attribute"
"cims:stereotype","nc:FaultCause.mRID","""NC""","nc:NamingAuthority.mRID","uml:attribute"
"cims:stereotype","nc:FaultOutage.mRID","""NC""","nc:NamingAuthority.mRID","uml:attribute"
"cims:stereotype","nc:Name.mRID","""NC""","nc:NamingAuthority.mRID","uml:attribute"
"cims:stereotype","nc:NameType.mRID","""NC""","nc:NamingAuthority.mRID","uml:attribute"
"cims:stereotype","nc:ContingencyWithRemedialAction.mRID","""NC""","nc:NamingAuthority.mRID","uml:attribute"
"cims:stereotype","nc:HourPeriod.mRID","""NC""","nc:NamingAuthority.mRID","uml:attribute"
"cims:stereotype","cim:IdentifiedObject.mRID","uml:attribute","nc:NamingAuthority.mRID","""NC"""
"cims:stereotype","nc:AssessedElementWithContingency.mRID","uml:attribute","nc:NamingAuthority.mRID","""NC"""
"cims:stereotype","nc:AssessedElementWithRemedialAction.mRID","uml:attribute","nc:NamingAuthority.mRID","""NC"""
"cims:stereotype","nc:CrossBorderRelevance.mRID","uml:attribute","nc:NamingAuthority.mRID","""NC"""
"cims:stereotype","nc:CurrentDroopOverride.mRID","uml:attribute","nc:NamingAuthority.mRID","""NC"""
"cims:stereotype","nc:FrequencyMonitoringTerminal.mRID","uml:attribute","nc:NamingAuthority.mRID","""NC"""
"cims:stereotype","nc:InfeedTerminal.mRID","uml:attribute","nc:NamingAuthority.mRID","""NC"""
"cims:stereotype","nc:FaultCause.mRID","uml:attribute","nc:NamingAuthority.mRID","""NC"""
"cims:stereotype","nc:FaultOutage.mRID","uml:attribute","nc:NamingAuthority.mRID","""NC"""
"cims:stereotype","nc:AreaBorderTerminal.mRID","uml:attribute","nc:NamingAuthority.mRID","""NC"""
"cims:stereotype","nc:Name.mRID","uml:attribute","nc:NamingAuthority.mRID","""NC"""
"cims:stereotype","nc:NameType.mRID","uml:attribute","nc:NamingAuthority.mRID","""NC"""
"cims:stereotype","nc:ContingencyWithRemedialAction.mRID","uml:attribute","nc:NamingAuthority.mRID","""NC"""
"cims:stereotype","nc:HourPeriod.mRID","uml:attribute","nc:NamingAuthority.mRID","""NC"""
"cims:multiplicity","nc:Name.mRID","cims:M:0..1","nc:NamingAuthority.mRID","cims:M:1..1"
"rdfs:comment","cim:IdentifiedObject.name","""The name is any free human readable and possibly non unique text naming the object.""","nc:NamingAuthority.name","""Name of the name authority."""
"rdfs:comment","cim:Name.name","""Any free text that used as a name or alternative identifier of the object.""","nc:NamingAuthority.name","""Name of the name authority."""
"rdfs:comment","cim:NameType.name","""Name of the name type.""","nc:NamingAuthority.name","""Name of the name authority."""
"rdfs:comment","cim:StreetDetail.name","""Name of the street.""","nc:NamingAuthority.name","""Name of the name authority."""
"rdfs:comment","cim:TownDetail.name","""Town name.""","nc:NamingAuthority.name","""Name of the name authority."""
"cims:stereotype","cim:IdentifiedObject.name","uml:attribute","nc:NamingAuthority.name","""NC"""
"cims:stereotype","cim:Name.name","uml:attribute","nc:NamingAuthority.name","""NC"""
"cims:stereotype","cim:NameType.name","uml:attribute","nc:NamingAuthority.name","""NC"""
"cims:stereotype","cim:StreetDetail.name","uml:attribute","nc:NamingAuthority.name","""NC"""
"cims:stereotype","cim:TownDetail.name","uml:attribute","nc:NamingAuthority.name","""NC"""
"cims:multiplicity","cim:IdentifiedObject.name","cims:M:0..1","nc:NamingAuthority.name","cims:M:1..1"
"cims:multiplicity","cim:StreetDetail.name","cims:M:0..1","nc:NamingAuthority.name","cims:M:1..1"
"cims:multiplicity","cim:TownDetail.name","cims:M:0..1","nc:NamingAuthority.name","cims:M:1..1"
"rdfs:comment","nc:AutomationFunction.type","""Type of automation function.""","nc:ObjectType.type","""The specialised type of an object when the instance object is serialised using a generalised class. For example, a Meter being serialised as an EndDevice in a message exchange should have the type attribute specified as 'Meter'."""
"rdfs:comment","cim:StreetDetail.type","""Type of street. Examples include:street, circle, boulevard, avenue, road, drive, etc.""","nc:ObjectType.type","""The specialised type of an object when the instance object is serialised using a generalised class. For example, a Meter being serialised as an EndDevice in a message exchange should have the type attribute specified as 'Meter'."""
"cims:stereotype","nc:AutomationFunction.type","""NC""","nc:ObjectType.type","uml:attribute"
"cims:stereotype","nc:AutomationFunction.type","uml:attribute","nc:ObjectType.type","""NC"""
"cims:stereotype","cim:StreetDetail.type","uml:attribute","nc:ObjectType.type","""NC"""
"cims:multiplicity","nc:AutomationFunction.type","cims:M:0..1","nc:ObjectType.type","cims:M:1..1"
"cims:multiplicity","cim:StreetDetail.type","cims:M:0..1","nc:ObjectType.type","cims:M:1..1"
"cims:stereotype","nc:EventTimePoint.atTime","""NC""","nc:MustRunTimePoint.atTime","uml:attribute"
"cims:stereotype","nc:GenericValueTimePoint.atTime","""NC""","nc:MustRunTimePoint.atTime","uml:attribute"
"cims:stereotype","nc:AssessedElementTimePoint.atTime","""NC""","nc:MustRunTimePoint.atTime","uml:attribute"
"cims:stereotype","nc:AvailabilityTimePoint.atTime","""NC""","nc:MustRunTimePoint.atTime","uml:attribute"
"cims:stereotype","nc:ContingencyTimePoint.atTime","""NC""","nc:MustRunTimePoint.atTime","uml:attribute"
"cims:stereotype","nc:EnablingTimePoint.atTime","""NC""","nc:MustRunTimePoint.atTime","uml:attribute"
"cims:stereotype","nc:GridStateAlterationTimePoint.atTime","""NC""","nc:MustRunTimePoint.atTime","uml:attribute"
"cims:stereotype","nc:InfeedLimitTimePoint.atTime","""NC""","nc:MustRunTimePoint.atTime","uml:attribute"
"cims:stereotype","nc:ACDCTimePoint.atTime","""NC""","nc:MustRunTimePoint.atTime","uml:attribute"
"cims:stereotype","nc:ActivePowerLimitTimePoint.atTime","""NC""","nc:MustRunTimePoint.atTime","uml:attribute"
"cims:stereotype","nc:ApparentPowerLimitTimePoint.atTime","""NC""","nc:MustRunTimePoint.atTime","uml:attribute"
"cims:stereotype","nc:AsynchronousMachineTimePoint.atTime","""NC""","nc:MustRunTimePoint.atTime","uml:attribute"
"cims:stereotype","nc:BatteryUnitTimePoint.atTime","""NC""","nc:MustRunTimePoint.atTime","uml:attribute"
"cims:stereotype","nc:ControlAreaTimePoint.atTime","""NC""","nc:MustRunTimePoint.atTime","uml:attribute"
"cims:stereotype","nc:CurrentLimitTimePoint.atTime","""NC""","nc:MustRunTimePoint.atTime","uml:attribute"
"cims:stereotype","nc:EnergyConnectionTimePoint.atTime","""NC""","nc:MustRunTimePoint.atTime","uml:attribute"
"cims:stereotype","nc:EquivalentInjectionTimePoint.atTime","""NC""","nc:MustRunTimePoint.atTime","uml:attribute"
"cims:stereotype","nc:ExternalNetworkInjectionTimePoint.atTime","""NC""","nc:MustRunTimePoint.atTime","uml:attribute"
"cims:stereotype","nc:GeneratingUnitTimePoint.atTime","""NC""","nc:MustRunTimePoint.atTime","uml:attribute"
"cims:stereotype","nc:InServiceTimePoint.atTime","""NC""","nc:MustRunTimePoint.atTime","uml:attribute"
"cims:stereotype","nc:EventTimePoint.atTime","uml:attribute","nc:MustRunTimePoint.atTime","""NC"""
"cims:stereotype","nc:GenericValueTimePoint.atTime","uml:attribute","nc:MustRunTimePoint.atTime","""NC"""
"cims:stereotype","nc:AssessedElementTimePoint.atTime","uml:attribute","nc:MustRunTimePoint.atTime","""NC"""
"cims:stereotype","nc:AvailabilityTimePoint.atTime","uml:attribute","nc:MustRunTimePoint.atTime","""NC"""
"cims:stereotype","nc:ContingencyTimePoint.atTime","uml:attribute","nc:MustRunTimePoint.atTime","""NC"""
"cims:stereotype","nc:EnablingTimePoint.atTime","uml:attribute","nc:MustRunTimePoint.atTime","""NC"""
"cims:stereotype","nc:GridStateAlterationTimePoint.atTime","uml:attribute","nc:MustRunTimePoint.atTime","""NC"""
"cims:stereotype","nc:InfeedLimitTimePoint.atTime","uml:attribute","nc:MustRunTimePoint.atTime","""NC"""
"cims:stereotype","nc:ACDCTimePoint.atTime","uml:attribute","nc:MustRunTimePoint.atTime","""NC"""
"cims:stereotype","nc:ActivePowerLimitTimePoint.atTime","uml:attribute","nc:MustRunTimePoint.atTime","""NC"""
"cims:stereotype","nc:ApparentPowerLimitTimePoint.atTime","uml:attribute","nc:MustRunTimePoint.atTime","""NC"""
"cims:stereotype","nc:AsynchronousMachineTimePoint.atTime","uml:attribute","nc:MustRunTimePoint.atTime","""NC"""
"cims:stereotype","nc:BatteryUnitTimePoint.atTime","uml:attribute","nc:MustRunTimePoint.atTime","""NC"""
"cims:stereotype","nc:ControlAreaTimePoint.atTime","uml:attribute","nc:MustRunTimePoint.atTime","""NC"""
"cims:stereotype","nc:CurrentLimitTimePoint.atTime","uml:attribute","nc:MustRunTimePoint.atTime","""NC"""
"cims:stereotype","nc:EnergyConnectionTimePoint.atTime","uml:attribute","nc:MustRunTimePoint.atTime","""NC"""
"cims:stereotype","nc:EquivalentInjectionTimePoint.atTime","uml:attribute","nc:MustRunTimePoint.atTime","""NC"""
"cims:stereotype","nc:ExternalNetworkInjectionTimePoint.atTime","uml:attribute","nc:MustRunTimePoint.atTime","""NC"""
"cims:stereotype","nc:GeneratingUnitTimePoint.atTime","uml:attribute","nc:MustRunTimePoint.atTime","""NC"""
"cims:stereotype","nc:InServiceTimePoint.atTime","uml:attribute","nc:MustRunTimePoint.atTime","""NC"""
"cims:multiplicity","nc:EventTimePoint.atTime","cims:M:0..1","nc:MustRunTimePoint.atTime","cims:M:1..1"
"rdfs:comment","nc:GeneratingUnit.mustRun","""Identifies if the generating unit is a must- run unit. This means that it cannot be instructed to shutdown due to other obligation. e.g. Providing heat. If true, the generating unit is must- run. If false, it is not.""","nc:MustRunTimePoint.mustRun","""True, if the must- run instruction is active this time point. Otherwise false."""
"cims:stereotype","nc:GeneratingUnit.mustRun","""NC""","nc:MustRunTimePoint.mustRun","uml:attribute"
"cims:stereotype","nc:GeneratingUnit.mustRun","uml:attribute","nc:MustRunTimePoint.mustRun","""NC"""
"cims:stereotype","nc:GeneratingUnit.mustRunP","""NC""","nc:MustRunTimePoint.mustRunP","uml:attribute"
"cims:stereotype","nc:GeneratingUnit.mustRunP","uml:attribute","nc:MustRunTimePoint.mustRunP","""NC"""
"cims:stereotype","nc:GeneratingUnit.mustRunQ","""NC""","nc:MustRunTimePoint.mustRunQ","uml:attribute"
"cims:stereotype","nc:GeneratingUnit.mustRunQ","uml:attribute","nc:MustRunTimePoint.mustRunQ","""NC"""
"rdfs:comment","nc:PowerFlowResult.atTime","""The date and time of the scenario time that was studied and at which the limit violation occurred.""","nc:PowerTimePoint.atTime","""The time the data is valid for."""
"cims:stereotype","nc:EventTimePoint.atTime","""NC""","nc:PowerTimePoint.atTime","uml:attribute"
"cims:stereotype","nc:MustRunTimePoint.atTime","""NC""","nc:PowerTimePoint.atTime","uml:attribute"
"cims:stereotype","nc:GenericValueTimePoint.atTime","""NC""","nc:PowerTimePoint.atTime","uml:attribute"
"cims:stereotype","nc:PowerFlowResult.atTime","""NC""","nc:PowerTimePoint.atTime","uml:attribute"
"cims:stereotype","nc:AssessedElementTimePoint.atTime","""NC""","nc:PowerTimePoint.atTime","uml:attribute"
